EV,Win %,Pick %,Team,Opponent,Future Value (Stars),Year,Week,Public Pick %,Team Division,Opponent Division,Divisional Matchup?,Away Team,Availability,Calculated Current Week Alive Entries,Calculated Current Week Picks,Winning Team,Calendar Date,Thanksgiving Favorite,Thanksgiving Underdog,Christmas Favorite,Christmas Underdog,Pre Thanksgiving,Pre Christmas,Calculated Prior Week Picks by Alive Entries,Entry Remaining Percent
1.2714957394646365,0.78,0.096751789721124,PHI,DAL,3.0,2025,1,0.153,NFC East,NFC East,1,0,1.0,18718,1811,1,2025-09-04,1,0,0,0,1,0,0.0,1.0
1.0737079313759634,0.792,0.3832140185917299,DEN,TEN,2.0,2025,1,0.254,AFC West,AFC South,0,0,1.0,18718,7173,1,2025-09-07,0,0,0,1,0,1,0.0,1.0
1.237882121964085,0.7090000000000001,0.0,WAS,NYG,1.5,2025,1,0.111,NFC East,NFC East,1,0,1.0,18718,0,0,2025-09-07,0,0,0,1,0,1,0.0,1.0
1.0652869390940318,0.664,0.0874025002671225,JAX,CAR,0.5,2025,1,0.036,AFC South,NFC South,0,0,1.0,18718,1636,1,2025-09-07,0,0,0,0,0,0,0.0,1.0
1.101627862217775,0.672,0.0657655732450048,CIN,CLE,2.0,2025,1,0.079,AFC North,AFC North,1,1,1.0,18718,1231,1,2025-09-07,0,1,0,0,1,0,0.0,1.0
0.9958083250264536,0.691,0.2228336360722299,ARI,NO,1.0,2025,1,0.143,NFC West,NFC South,0,1,1.0,18718,4171,1,2025-09-07,0,0,0,0,0,0,0.0,1.0
1.0413084062515132,0.605,0.0124479111016134,LAR,HOU,2.0,2025,1,0.009,NFC West,AFC South,0,0,1.0,18718,233,0,2025-09-07,0,0,0,0,0,0,0.0,1.0
1.0509972648751595,0.603,0.001923282401966,KC,LAC,3.0,2025,1,0.023,AFC West,AFC West,1,0,1.0,18718,36,0,2025-09-05,1,0,1,0,1,1,0.0,1.0
1.0083646773407933,0.595,0.0255903408483812,PIT,NYJ,0.5,2025,1,0.031,AFC North,AFC East,0,1,1.0,18718,479,0,2025-09-07,0,0,0,0,0,0,0.0,1.0
0.9664749839520302,0.563,0.0143711935035794,NE,LV,1.0,2025,1,0.017,AFC East,AFC West,0,1,1.0,18718,269,1,2025-09-07,0,0,0,0,0,0,0.0,1.0
0.9543460980872264,0.547,0.0016027353349716,SF,SEA,2.5,2025,1,0.0069999999999999,NFC West,NFC West,1,0,1.0,18718,30,0,2025-09-07,0,0,0,0,0,0,0.0,1.0
0.9231959180667568,0.529,0.0002671225558286,BAL,BUF,5.0,2025,1,0.005,AFC North,AFC East,0,1,1.0,18718,5,1,2025-09-07,1,0,0,0,1,0,0.0,1.0
0.9028343335583008,0.518,0.001335612779143,GB,DET,1.5,2025,1,0.003,NFC North,NFC North,1,1,1.0,18718,25,0,2025-09-07,0,1,0,0,1,0,0.0,1.0
0.8943106523748571,0.513,0.0049150550272465,IND,MIA,0.0,2025,1,0.003,AFC South,AFC East,0,0,1.0,18718,92,1,2025-09-07,0,0,0,0,0,0,0.0,1.0
0.8755768924551324,0.5,0.0014424618014745,ATL,TB,0.5,2025,1,0.002,NFC South,NFC South,1,0,1.0,18718,27,1,2025-09-07,0,0,0,0,0,0,0.0,1.0
0.8703217552200894,0.5,0.0029383481141147,CHI,MIN,1.0,2025,1,0.011,NFC North,NFC North,1,0,1.0,18718,55,0,2025-09-08,0,1,0,0,1,0,0.0,1.0
0.8699811031943276,0.5,0.0036328667592691,TB,ATL,2.0,2025,1,0.0139999999999999,NFC South,NFC South,1,0,1.0,18718,68,0,2025-09-07,0,0,0,0,0,0,0.0,1.0
0.8752362404293709,0.5,0.0010150657121487,MIN,CHI,0.5,2025,1,0.031,NFC North,NFC North,1,1,1.0,18718,19,1,2025-09-08,0,0,0,1,0,1,0.0,1.0
0.8512473432746026,0.487,0.0040068383374292,MIA,IND,0.5,2025,1,0.017,AFC East,AFC South,0,1,1.0,18718,75,1,2025-09-07,0,0,0,0,0,0,0.0,1.0
0.8427236620911592,0.482,0.0002671225558286,DET,GB,2.5,2025,1,0.006,NFC North,NFC North,1,1,1.0,18718,5,0,2025-09-07,1,0,1,0,1,1,0.0,1.0
0.8223620775826965,0.471,0.0001068490223314,BUF,BAL,5.0,2025,1,0.006,AFC East,AFC North,0,1,1.0,18718,2,0,2025-09-07,0,0,0,0,0,0,0.0,1.0
0.7912118975622321,0.4529999999999999,0.0012287637568116,SEA,SF,0.5,2025,1,0.003,NFC West,NFC West,1,0,1.0,18718,23,1,2025-09-07,0,0,0,0,0,0,0.0,1.0
0.7790830116974264,0.437,0.001335612779143,LV,NE,0.5,2025,1,0.005,AFC West,AFC East,0,0,1.0,18718,25,0,2025-09-07,0,0,0,0,0,0,0.0,1.0
0.7371933183086671,0.405,0.0005876696228229,NYJ,PIT,0.0,2025,1,0.002,AFC East,AFC North,0,1,1.0,18718,11,1,2025-09-07,0,0,0,0,0,0,0.0,1.0
0.6945607307742858,0.397,0.0006410941339886,LAC,KC,1.5,2025,1,0.004,AFC West,AFC West,1,0,1.0,18718,12,0,2025-09-05,0,0,0,0,0,0,0.0,1.0
0.7042495893979388,0.395,0.0004273960893257,HOU,LAR,1.0,2025,1,0.003,AFC South,NFC West,0,0,1.0,18718,8,1,2025-09-07,0,0,0,0,0,0,0.0,1.0
0.7497496706230036,0.309,0.0005876696228229,NO,ARI,0.0,2025,1,0.002,NFC South,NFC West,0,1,1.0,18718,11,0,2025-09-07,0,0,0,0,0,0,0.0,1.0
0.6439301334316632,0.3279999999999999,0.0005876696228229,CLE,CIN,0.0,2025,1,0.002,AFC North,AFC North,1,1,1.0,18718,11,0,2025-09-07,0,0,0,0,0,0,0.0,1.0
0.6802710565554241,0.336,0.0002671225558286,CAR,JAX,0.0,2025,1,0.003,NFC South,AFC South,0,0,1.0,18718,5,0,2025-09-07,0,0,0,0,0,0,0.0,1.0
0.5076758736853558,0.291,0.0002671225558286,NYG,WAS,0.0,2025,1,0.002,NFC East,NFC East,1,0,1.0,18718,5,0,2025-09-07,0,0,0,0,0,0,0.0,1.0
0.671850064273477,0.208,5.342451116572283e-05,TEN,DEN,0.0,2025,1,0.004,AFC South,AFC West,0,1,1.0,18718,1,0,2025-09-07,0,0,0,0,0,0,0.0,1.0
0.4740622561847882,0.22,0.0001068490223314,DAL,PHI,0.5,2025,1,0.005,NFC East,NFC East,1,1,1.0,18718,2,0,2025-09-04,0,1,1,0,1,1,0.0,1.0
1.189969981350447,0.863,0.2435932763846789,BAL,CLE,4.5,2025,2,0.285,AFC North,AFC North,1,1,1.0,18145,4420,0,2025-09-14,1,0,0,0,1,0,0.0,0.9693877551020408
0.9476490622234972,0.741,0.2848718655276935,ARI,CAR,0.5,2025,2,0.141,NFC West,NFC South,0,1,0.7701295122623312,18145,5169,0,2025-09-14,0,0,0,0,0,0,4171.0,0.9693877551020408
1.0343562786686726,0.71,0.0529071369523284,DET,CHI,2.0,2025,2,0.047,NFC North,NFC North,1,1,1.0,18145,960,0,2025-09-14,1,0,1,0,1,1,0.0,0.9693877551020408
1.0429576520917818,0.7040000000000001,0.0239184348305318,BUF,NYJ,5.0,2025,2,0.0559999999999999,AFC East,AFC East,1,0,0.999889776798016,18145,434,1,2025-09-14,0,0,0,0,0,0,2.0,0.9693877551020408
0.9726023733296786,0.685,0.0893910168090383,LAR,TEN,1.5,2025,2,0.129,NFC West,AFC South,0,0,0.987158996968862,18145,1622,1,2025-09-14,0,0,0,0,0,0,233.0,0.9693877551020408
0.9541252942399288,0.647,0.0270597960870763,PIT,SEA,0.5,2025,2,0.018,AFC North,NFC West,0,0,0.9736015431248278,18145,491,1,2025-09-14,0,0,0,0,0,0,479.0,0.9693877551020408
0.9377235780589848,0.631,0.0152108018737944,CIN,JAX,1.5,2025,2,0.033,AFC North,AFC South,0,1,0.9321576191788372,18145,276,1,2025-09-14,0,1,0,0,1,0,1231.0,0.9693877551020408
0.8975344384585277,0.6779999999999999,0.1932212730779829,DAL,NYG,0.0,2025,2,0.163,NFC East,NFC East,1,1,1.0,18145,3506,0,2025-09-14,0,1,1,0,1,1,0.0,0.9693877551020408
0.9299053594660718,0.626,0.0155414714797464,LAC,LV,1.5,2025,2,0.031,AFC West,AFC West,1,1,0.999338660788096,18145,282,0,2025-09-15,0,0,0,0,0,0,12.0,0.9693877551020408
0.92279094990228,0.616,0.0036373656654725,GB,WAS,1.5,2025,2,0.016,NFC North,NFC East,0,0,0.9986222099751998,18145,66,0,2025-09-11,0,1,0,0,1,0,25.0,0.9693877551020408
0.8985705434289604,0.607,0.0195646183521631,MIN,ATL,0.5,2025,2,0.013,NFC North,NFC South,0,0,0.998952879581152,18145,355,1,2025-09-14,0,0,0,1,0,1,19.0,0.9693877551020408
0.8813627531872134,0.591,0.0098098649765775,SF,NO,2.0,2025,2,0.023,NFC West,NFC South,0,0,0.9983466519702398,18145,178,1,2025-09-14,0,0,0,0,0,0,30.0,0.9693877551020408
0.8658476663823766,0.579,0.0057316065031689,HOU,TB,1.0,2025,2,0.002,AFC South,NFC South,0,1,1.0,18145,104,1,2025-09-15,0,0,0,0,0,0,0.0,0.9693877551020408
0.812209993334176,0.544,0.0081014053458252,MIA,NE,0.5,2025,2,0.006,AFC East,AFC East,1,0,1.0,18145,147,1,2025-09-14,0,0,0,0,0,0,0.0,0.9693877551020408
0.7981339898927983,0.532,0.0022044640396803,DEN,IND,2.0,2025,2,0.005,AFC West,AFC South,0,0,0.6046844860843208,18145,40,1,2025-09-14,0,0,0,1,0,1,7173.0,0.9693877551020408
0.7839306178267221,0.522,0.00027555800496,PHI,KC,3.0,2025,2,0.002,NFC East,AFC West,0,0,0.9001928906034721,18145,5,0,2025-09-14,1,0,0,0,1,0,1811.0,0.9693877551020408
0.7180761955023776,0.478,0.000110223201984,KC,PHI,3.5,2025,2,0.001,AFC West,NFC East,0,1,1.0,18145,2,1,2025-09-14,1,0,1,0,1,1,0.0,0.9693877551020408
0.7038728234363014,0.4679999999999999,0.0008817856158721,IND,DEN,0.5,2025,2,0.001,AFC South,AFC West,0,0,0.9949297327087352,18145,16,0,2025-09-14,0,0,0,0,0,0,92.0,0.9693877551020408
0.6897968199949202,0.456,0.0011573436208321,NE,MIA,1.0,2025,2,0.008,AFC East,AFC East,1,0,1.0,18145,21,0,2025-09-14,0,0,0,0,0,0,0.0,0.9693877551020408
0.6206440601418846,0.409,0.000606227610912,NO,SF,0.0,2025,2,0.001,NFC South,NFC West,0,1,1.0,18145,11,0,2025-09-14,0,0,0,0,0,0,0.0,0.9693877551020408
0.6361591469467236,0.421,0.000220446403968,TB,HOU,2.5,2025,2,0.006,NFC South,AFC South,0,1,0.9962524111325434,18145,4,1,2025-09-15,0,0,0,0,0,0,68.0,0.9693877551020408
0.6034362699001385,0.3929999999999999,0.000220446403968,ATL,MIN,0.5,2025,2,0.001,NFC South,NFC North,0,0,1.0,18145,4,0,2025-09-14,0,0,0,0,0,0,0.0,0.9693877551020408
0.6044723748705646,0.322,0.000110223201984,NYG,DAL,0.0,2025,2,0.0,NFC East,NFC East,1,0,1.0,18145,2,1,2025-09-14,0,0,0,0,0,0,0.0,0.9693877551020408
0.5792158634268161,0.384,0.0,WAS,GB,1.5,2025,2,0.004,NFC East,NFC North,0,1,1.0,18145,0,1,2025-09-11,0,0,0,1,0,1,0.0,0.9693877551020408
0.5721014538630244,0.374,5.511160099200882e-05,LV,LAC,0.5,2025,2,0.001,AFC West,AFC West,1,0,0.9986222099751998,18145,1,0,2025-09-15,0,0,0,0,0,0,25.0,0.9693877551020408
0.5642832352701128,0.369,0.000110223201984,JAX,CIN,0.5,2025,2,0.001,AFC South,AFC North,0,1,0.9098374207770736,18145,2,1,2025-09-14,0,0,0,0,0,0,1636.0,0.9693877551020408
0.5294044399994178,0.315,0.000220446403968,TEN,LAR,0.0,2025,2,0.001,AFC South,NFC West,0,1,1.0,18145,4,1,2025-09-14,0,0,0,0,0,0,0.0,0.9693877551020408
0.5478815190891695,0.353,0.000110223201984,SEA,PIT,0.5,2025,2,0.001,NFC West,AFC North,0,1,1.0,18145,2,0,2025-09-14,0,0,0,0,0,0,0.0,0.9693877551020408
0.4590491612373104,0.296,0.0,NYJ,BUF,0.0,2025,2,0.0,AFC East,AFC East,1,0,1.0,18145,0,0,2025-09-14,0,0,0,0,0,0,0.0,0.9693877551020408
0.5543577511055956,0.259,0.0,CAR,ARI,0.0,2025,2,0.0,NFC South,NFC West,0,0,1.0,18145,0,0,2025-09-14,0,0,0,0,0,0,0.0,0.9693877551020408
0.467650534660426,0.29,0.0,CHI,DET,1.0,2025,2,0.001,NFC North,NFC North,1,1,1.0,18145,0,0,2025-09-14,0,1,0,0,1,0,0.0,0.9693877551020408
0.3120368319786569,0.1369999999999999,5.511160099200882e-05,CLE,BAL,0.0,2025,2,0.0,AFC North,AFC North,1,0,1.0,18145,1,0,2025-09-14,0,0,0,0,0,0,0.0,0.9693877551020408
1.1808057340290046,0.855,0.1981727085175361,BUF,MIA,5.0,2025,3,0.271,AFC East,AFC East,1,0,0.9743000294724432,16965,3362,0,2025-09-18,0,0,0,0,0,0,436.0,0.906346831926488
1.0947632241254537,0.777,0.1071028588269967,GB,CLE,1.5,2025,3,0.166,NFC North,AFC North,0,1,0.9950486295313882,16965,1817,1,2025-09-21,0,1,0,0,1,0,84.0,0.906346831926488
1.0552323529204766,0.727,0.0398467432950191,KC,NYG,3.5,2025,3,0.067,AFC West,NFC East,0,0,1.0,16965,676,0,2025-09-21,1,0,1,0,1,1,0.0,0.906346831926488
0.9116029117925416,0.7609999999999999,0.3922782198644267,SEA,NO,0.0,2025,3,0.1969999999999999,NFC West,NFC South,0,1,0.9998821102269378,16965,6655,0,2025-09-21,0,0,0,0,0,0,2.0,0.906346831926488
1.011754283708555,0.73,0.1198349543177129,TB,NYJ,2.0,2025,3,0.133,NFC South,AFC East,0,1,0.9964043619216032,16965,2033,0,2025-09-21,0,0,0,0,0,0,61.0,0.906346831926488
1.0089464533388548,0.68,0.0017683465959328,BAL,DET,4.5,2025,3,0.008,AFC North,NFC North,0,1,0.7394636015325671,16965,30,0,2025-09-22,1,0,0,0,1,0,4420.0,0.906346831926488
0.9959402884199344,0.6890000000000001,0.0420866489832007,IND,TEN,0.0,2025,3,0.045,AFC South,AFC South,1,0,0.994930739758326,16965,714,1,2025-09-21,0,0,0,0,0,0,86.0,0.906346831926488
0.9448447279188666,0.667,0.0694960212201591,ATL,CAR,0.5,2025,3,0.054,NFC South,NFC South,1,1,0.9997642204538756,16965,1179,0,2025-09-21,0,0,0,0,0,0,4.0,0.906346831926488
0.9578918257566202,0.645,0.0005305039787798,PHI,LAR,3.5,2025,3,0.004,NFC East,NFC West,0,1,0.9000294724432656,16965,9,1,2025-09-21,1,0,0,0,1,0,1696.0,0.906346831926488
0.8986633692776184,0.608,0.0060123784261715,MIN,CIN,0.5,2025,3,0.004,NFC North,AFC North,0,0,0.9992337164750956,16965,102,1,2025-09-21,0,0,0,1,0,1,13.0,0.906346831926488
0.8618166154157427,0.58,0.0,WAS,LV,1.0,2025,3,0.01,NFC East,AFC West,0,0,1.0,16965,0,1,2025-09-21,0,0,0,1,0,1,0.0,0.906346831926488
0.8592434533969268,0.58,0.0030651340996168,LAC,DEN,1.5,2025,3,0.0069999999999999,AFC West,AFC West,1,0,0.9826702033598586,16965,52,0,2025-09-21,0,0,0,0,0,0,294.0,0.906346831926488
0.7842794581376382,0.53,0.0039493073975832,SF,ARI,2.0,2025,3,0.002,NFC West,NFC West,1,1,0.9880931329207192,16965,67,1,2025-09-21,0,0,0,0,0,0,202.0,0.906346831926488
0.7889175474260419,0.532,0.002534630120837,DAL,CHI,0.0,2025,3,0.011,NFC East,NFC North,0,1,0.7933392278219864,16965,43,0,2025-09-21,0,1,1,0,1,1,3506.0,0.906346831926488
0.7773389943146156,0.522,0.0005305039787798,JAX,HOU,0.5,2025,3,0.001,AFC South,AFC South,1,0,0.9131741821396994,16965,9,1,2025-09-21,0,0,0,0,0,0,1473.0,0.906346831926488
0.7572181156991934,0.51,0.0011788977306218,PIT,NE,0.5,2025,3,0.006,AFC North,AFC East,0,0,0.9738874152667256,16965,20,1,2025-09-21,0,0,0,0,0,0,443.0,0.906346831926488
0.7283556991325594,0.49,0.000648393751842,NE,PIT,1.0,2025,3,0.001,AFC East,AFC North,0,0,0.998762157382847,16965,11,1,2025-09-21,0,0,0,0,0,0,21.0,0.906346831926488
0.6966562674057108,0.4679999999999999,0.0007662835249042,CHI,DAL,1.0,2025,3,0.001,NFC North,NFC East,0,0,1.0,16965,13,0,2025-09-21,0,1,0,0,1,0,0.0,0.906346831926488
0.7082348205171355,0.478,0.0028882994400235,HOU,JAX,1.0,2025,3,0.004,AFC South,AFC South,1,0,1.0,16965,49,1,2025-09-21,0,0,0,0,0,0,0.0,0.906346831926488
0.7012943566941132,0.47,5.8944886531093426e-05,ARI,SF,0.5,2025,3,0.001,NFC West,NFC West,1,0,0.4677866195107574,16965,1,1,2025-09-21,0,0,0,0,0,0,9029.0,0.906346831926488
0.6263303614348255,0.42,0.0,DEN,LAC,2.5,2025,3,0.0,AFC West,AFC West,1,1,0.594930739758326,16965,0,0,2025-09-21,0,0,0,1,0,1,6872.0,0.906346831926488
0.6237571994160107,0.42,0.0002357795461243,LV,WAS,0.5,2025,3,0.001,AFC West,NFC East,0,0,0.998703212496316,16965,4,1,2025-09-21,0,0,0,0,0,0,22.0,0.906346831926488
0.5869104455541317,0.392,0.0,CIN,MIN,2.0,2025,3,0.002,AFC North,NFC North,0,1,0.9162982611258472,16965,0,1,2025-09-21,0,1,0,0,1,0,1420.0,0.906346831926488
0.5276819890751231,0.355,0.0001178897730621,LAR,PHI,1.5,2025,3,0.0,NFC West,NFC East,0,0,0.8925434718538167,16965,2,0,2025-09-21,0,0,0,0,0,0,1823.0,0.906346831926488
0.5407290869128788,0.3329999999999999,0.0001768346595932,CAR,ATL,0.0,2025,3,0.0,NFC South,NFC South,1,0,1.0,16965,3,1,2025-09-21,0,0,0,0,0,0,0.0,0.906346831926488
0.4896335264118076,0.311,0.0001178897730621,TEN,IND,0.0,2025,3,0.0,AFC South,AFC South,1,1,1.0,16965,2,0,2025-09-21,0,0,0,0,0,0,0.0,0.906346831926488
0.4766273614928947,0.32,0.0,DET,BAL,2.0,2025,3,0.002,NFC North,AFC North,0,1,0.9434129089301504,16965,0,0,2025-09-22,1,0,1,0,1,1,960.0,0.906346831926488
0.473819531123189,0.27,0.0,NYJ,TB,0.0,2025,3,0.0,AFC East,NFC South,0,1,1.0,16965,0,0,2025-09-21,0,0,0,0,0,0,0.0,0.906346831926488
0.5739709030392094,0.239,0.0001178897730621,NO,SEA,0.0,2025,3,0.0,NFC South,NFC West,0,1,1.0,16965,2,0,2025-09-21,0,0,0,0,0,0,0.0,0.906346831926488
0.4303414619112811,0.273,0.0,NYG,KC,0.0,2025,3,0.0,NFC East,AFC West,0,1,1.0,16965,0,0,2025-09-21,0,0,0,0,0,0,0.0,0.906346831926488
0.3908105907063035,0.223,0.0,CLE,GB,0.0,2025,3,0.0,AFC North,NFC North,0,1,1.0,16965,0,0,2025-09-21,0,0,0,0,0,0,0.0,0.906346831926488
0.3047680808027428,0.145,5.8944886531093426e-05,MIA,BUF,0.5,2025,3,0.001,AFC East,AFC East,1,1,1.0,16965,1,0,2025-09-18,0,0,0,0,0,0,0.0,0.906346831926488
1.128300665293622,0.899,0.2990369994931576,BUF,NO,5.0,2025,4,0.235,AFC East,NFC South,0,1,0.735790312070089,13811,4130,0,2025-09-28,0,0,0,0,0,0,3649.0,0.7378459237097981
0.999398730782783,0.782,0.1325030772572587,DEN,CIN,1.5,2025,4,0.069,AFC West,AFC North,0,0,0.5852581275794656,13811,1830,1,2025-09-29,0,0,0,1,0,1,5728.0,0.7378459237097981
1.055226469681484,0.813,0.1076678010281659,DET,CLE,3.0,2025,4,0.256,NFC North,AFC North,0,0,0.9447541814495692,13811,1487,0,2025-09-28,1,0,1,0,1,1,763.0,0.7378459237097981
0.9168864210634066,0.7659999999999999,0.2674679603214829,HOU,TEN,1.0,2025,4,0.125,AFC South,AFC South,1,1,1.0,13811,3694,1,2025-09-28,0,0,0,0,0,0,0.0,0.7378459237097981
0.9767829659816764,0.737,0.0346100934038085,GB,DAL,3.0,2025,4,0.044,NFC North,NFC East,0,1,0.9946419520671927,13811,478,0,2025-09-28,0,1,0,0,1,0,74.0,0.7378459237097981
0.8809178710696283,0.6809999999999999,0.0745058286872782,NE,CAR,1.0,2025,4,0.033,AFC East,NFC South,0,1,0.9986966910433712,13811,1029,0,2025-09-28,0,0,0,0,0,0,18.0,0.7378459237097981
0.917044880550082,0.701,0.0567663456664977,LAC,NYG,1.5,2025,4,0.152,AFC West,NFC East,0,0,0.9809572080225908,13811,784,0,2025-09-28,0,0,0,0,0,0,263.0,0.7378459237097981
0.8421947956013217,0.628,0.0056476721453913,LAR,IND,4.0,2025,4,0.006,NFC West,AFC South,0,0,0.8945767866193614,13811,78,1,2025-09-28,0,0,0,0,0,0,1456.0,0.7378459237097981
0.8517290171596128,0.633,0.0002896242125841,PHI,TB,3.5,2025,4,0.003,NFC East,NFC South,0,1,0.8981970892766635,13811,4,0,2025-09-28,1,0,0,0,1,0,1406.0,0.7378459237097981
0.8107557867642715,0.604,0.0040547389761784,SF,JAX,1.5,2025,4,0.016,NFC West,AFC South,0,0,0.9841430743610166,13811,56,1,2025-09-28,0,0,0,0,0,0,219.0,0.7378459237097981
0.7865439261852221,0.586,0.0039099268698863,MIA,NYJ,0.5,2025,4,0.008,AFC East,AFC East,1,0,1.0,13811,54,1,2025-09-29,0,0,0,0,0,0,0.0,0.7378459237097981
0.7751288534054235,0.5770000000000001,0.0025342118601115,ATL,WAS,1.0,2025,4,0.001,NFC South,NFC East,0,0,0.999782781840562,13811,35,1,2025-09-28,0,0,0,0,0,0,3.0,0.7378459237097981
0.7656704686380617,0.569,0.000144812106292,BAL,KC,3.5,2025,4,0.001,AFC North,AFC West,0,0,0.733980160741438,13811,2,1,2025-09-28,1,0,0,0,1,0,3674.0,0.7378459237097981
0.7683565812012976,0.5720000000000001,0.0027514300195496,MIN,PIT,0.5,2025,4,0.004,NFC North,AFC North,0,1,0.9918181159944972,13811,38,0,2025-09-28,0,0,0,1,0,1,113.0,0.7378459237097981
0.7399789963076874,0.55,0.0010860907971906,LV,CHI,0.5,2025,4,0.001,AFC West,NFC North,0,0,0.9988415031496634,13811,15,1,2025-09-28,0,0,0,0,0,0,16.0,0.7378459237097981
0.7141445852675371,0.532,0.0035478966041561,SEA,ARI,0.5,2025,4,0.02,NFC West,NFC West,1,1,0.5179929042067917,13811,49,0,2025-09-25,0,0,0,0,0,0,6657.0,0.7378459237097981
0.6316380258130324,0.4679999999999999,0.0002896242125841,ARI,SEA,1.0,2025,4,0.002,NFC West,NFC West,1,0,0.4701325030772572,13811,4,0,2025-09-25,0,0,0,0,0,0,7318.0,0.7378459237097981
0.60580361477288,0.45,0.0007240605314604,CHI,LV,1.0,2025,4,0.006,NFC North,AFC West,0,0,0.9990587213091014,13811,10,0,2025-09-28,0,1,0,0,1,0,13.0,0.7378459237097981
0.5774260298792759,0.428,0.000144812106292,PIT,MIN,0.5,2025,4,0.001,AFC North,NFC North,0,1,0.9745854753457388,13811,2,1,2025-09-28,0,0,0,0,0,0,351.0,0.7378459237097981
0.5801121424425117,0.431,0.0,KC,BAL,2.0,2025,4,0.001,AFC West,AFC North,0,0,0.9510535080732748,13811,0,0,2025-09-28,1,0,1,0,1,1,676.0,0.7378459237097981
0.5592386848953496,0.414,7.240605314604301e-05,NYJ,MIA,0.0,2025,4,0.002,AFC East,AFC East,1,0,1.0,13811,1,1,2025-09-29,0,0,0,0,0,0,0.0,0.7378459237097981
0.5706537576751429,0.423,0.0,WAS,ATL,1.0,2025,4,0.008,NFC East,NFC South,0,0,1.0,13811,0,1,2025-09-28,0,0,0,1,0,1,0.0,0.7378459237097981
0.5350268243162971,0.396,0.000144812106292,JAX,SF,0.5,2025,4,0.0,AFC South,NFC West,0,0,0.9117370212149736,13811,2,1,2025-09-28,0,0,0,0,0,0,1219.0,0.7378459237097981
0.5035878154792478,0.372,0.0,IND,LAR,1.5,2025,4,0.001,AFC South,NFC West,0,1,0.9437404967055246,13811,0,0,2025-09-28,0,0,0,0,0,0,777.0,0.7378459237097981
0.49405359392095,0.367,0.0,TB,PHI,1.5,2025,4,0.0,NFC South,NFC East,0,1,0.8497574397219607,13811,0,0,2025-09-28,0,0,0,0,0,0,2075.0,0.7378459237097981
0.4287377305304889,0.299,0.0,NYG,LAC,0.0,2025,4,0.0,NFC East,AFC West,0,0,1.0,13811,0,0,2025-09-28,0,0,0,0,0,0,0.0,0.7378459237097981
0.4648647400109364,0.319,0.0,CAR,NE,0.0,2025,4,0.001,NFC South,AFC East,0,1,0.999782781840562,13811,0,1,2025-09-28,0,0,0,0,0,0,3.0,0.7378459237097981
0.368999645098897,0.263,0.0,DAL,GB,0.5,2025,4,0.0,NFC East,NFC North,0,0,0.7902396640359134,13811,0,0,2025-09-28,0,1,1,0,1,1,2897.0,0.7378459237097981
0.4288961900171645,0.2339999999999999,0.000144812106292,TEN,HOU,0.0,2025,4,0.0,AFC South,AFC South,1,1,1.0,13811,2,1,2025-09-28,0,0,0,0,0,0,0.0,0.7378459237097981
0.290556141399085,0.187,7.240605314604301e-05,CLE,DET,0.0,2025,4,0.0,AFC North,NFC North,0,0,1.0,13811,1,1,2025-09-28,0,0,0,0,0,0,0.0,0.7378459237097981
0.3463838802977799,0.218,7.240605314604301e-05,CIN,DEN,1.0,2025,4,0.001,AFC North,AFC West,0,0,0.91912243863587,13811,1,1,2025-09-29,0,1,0,0,1,0,1117.0,0.7378459237097981
0.2174819457869372,0.1009999999999999,0.0,NO,BUF,0.0,2025,4,0.0,NFC South,AFC East,0,1,1.0,13811,0,0,2025-09-28,0,0,0,0,0,0,0.0,0.7378459237097981
1.0962122117454731,0.7829999999999999,0.0609480812641083,BUF,NE,5.0,2025,5,0.037,AFC East,AFC East,1,0,0.4259916156078684,12404,756,0,2025-10-05,0,0,0,0,0,0,7120.0,0.6626776364996261
1.104364580326691,0.813,0.1385843276362463,DET,CIN,2.0,2025,5,0.209,NFC North,AFC North,0,1,0.8254595291841341,12404,1719,1,2025-10-05,1,0,1,0,1,1,2165.0,0.6626776364996261
0.9867583433095536,0.7859999999999999,0.2841019026120606,LAR,SF,5.0,2025,5,0.182,NFC West,NFC West,1,1,0.8922928087713641,12404,3524,0,2025-10-02,0,0,0,0,0,0,1336.0,0.6626776364996261
0.9934476068596974,0.7809999999999999,0.254111576910674,ARI,TEN,0.0,2025,5,0.2019999999999999,NFC West,AFC South,0,1,0.4666236697839406,12404,3152,0,2025-10-05,0,0,0,0,0,0,6616.0,0.6626776364996261
0.975534703025739,0.7509999999999999,0.1941309255079006,IND,LV,1.5,2025,5,0.204,AFC South,AFC West,0,0,0.9438084488874556,12404,2408,0,2025-10-05,0,0,0,0,0,0,697.0,0.6626776364996261
0.95451098207829,0.6629999999999999,0.0022573363431151,PHI,DEN,4.5,2025,5,0.018,NFC East,AFC West,0,0,0.8985004837149306,12404,28,1,2025-10-05,1,0,0,0,1,0,1259.0,0.6626776364996261
0.9052650126263476,0.634,0.0124959690422444,SEA,TB,0.5,2025,5,0.002,NFC West,NFC South,0,1,0.495888423089326,12404,155,0,2025-10-05,0,0,0,0,0,0,6253.0,0.6626776364996261
0.917260241881738,0.637,0.0018542405675588,KC,JAX,2.5,2025,5,0.027,AFC West,AFC South,0,0,0.9497742663656884,12404,23,0,2025-10-06,1,0,1,0,1,1,623.0,0.6626776364996261
0.8962178899107172,0.635,0.0283779425991615,MIN,CLE,0.5,2025,5,0.035,NFC North,AFC North,0,1,0.9918574653337632,12404,352,0,2025-10-05,0,0,0,1,0,1,101.0,0.6626776364996261
0.86419631603067,0.602,0.0052402450822315,LAC,WAS,1.5,2025,5,0.01,AFC West,NFC East,0,1,0.9805707836181876,12404,65,0,2025-10-05,0,0,0,0,0,0,241.0,0.6626776364996261
0.7970397366958628,0.556,0.0079812963560141,NO,NYG,0.0,2025,5,0.003,NFC South,NFC East,0,1,1.0,12404,99,0,2025-10-05,0,0,0,0,0,0,0.0,0.6626776364996261
0.8091476926019415,0.562,0.0016930022573363,HOU,BAL,1.5,2025,5,0.002,AFC South,AFC North,0,1,0.7021928410190261,12404,21,0,2025-10-05,0,0,0,0,0,0,3694.0,0.6626776364996261
0.7746542268463886,0.536,0.0004030957755562,NYJ,DAL,0.0,2025,5,0.001,AFC East,NFC East,0,0,1.0,12404,5,0,2025-10-05,0,0,0,0,0,0,0.0,0.6626776364996261
0.7466269805150346,0.518,0.0013705256368913,MIA,CAR,0.5,2025,5,0.006,AFC East,NFC South,0,1,0.9956465656239922,12404,17,1,2025-10-05,0,0,0,0,0,0,54.0,0.6626776364996261
0.6954704601811696,0.482,0.0008868107062237,CAR,MIA,0.0,2025,5,0.002,NFC South,AFC East,0,0,0.9997581425346662,12404,11,0,2025-10-05,0,0,0,0,0,0,3.0,0.6626776364996261
0.6674432138498161,0.4639999999999999,0.0025798129635601,DAL,NYJ,0.0,2025,5,0.026,NFC East,AFC East,0,0,0.7868429538858432,12404,32,0,2025-10-05,0,1,1,0,1,1,2644.0,0.6626776364996261
0.6329497480942634,0.4379999999999999,0.0,BAL,HOU,3.5,2025,5,0.004,AFC North,AFC South,0,0,0.7293614962915189,12404,0,0,2025-10-05,1,0,0,0,1,0,3357.0,0.6626776364996261
0.6450577040003409,0.444,0.0017736214124475,NYG,NO,0.0,2025,5,0.022,NFC East,NFC South,0,0,1.0,12404,22,1,2025-10-05,0,0,0,0,0,0,0.0,0.6626776364996261
0.5779011246655367,0.3979999999999999,0.0,WAS,LAC,1.0,2025,5,0.0,NFC East,AFC West,0,0,1.0,12404,0,0,2025-10-05,0,0,0,1,0,1,0.0,0.6626776364996261
0.5458795507854884,0.365,0.0004030957755562,CLE,MIN,0.0,2025,5,0.001,AFC North,NFC North,0,0,1.0,12404,5,0,2025-10-05,0,0,0,0,0,0,0.0,0.6626776364996261
0.5248371988144646,0.363,0.0,JAX,KC,0.5,2025,5,0.003,AFC South,AFC West,0,1,0.9089003547242824,12404,0,0,2025-10-06,0,0,0,0,0,0,1130.0,0.6626776364996261
0.5368324280698562,0.366,0.0,TB,SEA,2.0,2025,5,0.001,NFC South,NFC West,0,1,0.8491615607868429,12404,0,1,2025-10-05,0,0,0,0,0,0,1871.0,0.6626776364996261
0.4875864586179117,0.337,0.0,DEN,PHI,2.5,2025,5,0.0,AFC West,NFC East,0,0,0.4429216381812318,12404,0,0,2025-10-05,0,0,0,1,0,1,6910.0,0.6626776364996261
0.4665627376704648,0.249,8.061915511125443e-05,LV,IND,0.5,2025,5,0.0,AFC West,AFC South,0,0,0.9988713318284425,12404,1,0,2025-10-05,0,0,0,0,0,0,14.0,0.6626776364996261
0.4486498338365075,0.2189999999999999,8.061915511125443e-05,TEN,ARI,0.0,2025,5,0.0,AFC South,NFC West,0,0,1.0,12404,1,1,2025-10-05,0,0,0,0,0,0,0.0,0.6626776364996261
0.4553390973866482,0.214,0.0,SF,LAR,2.0,2025,5,0.0,NFC West,NFC West,1,1,0.9840374072879716,12404,0,1,2025-10-02,0,0,0,0,0,0,198.0,0.6626776364996261
0.3377328603695113,0.187,0.0,CIN,DET,1.0,2025,5,0.0,AFC North,NFC North,0,0,0.9184940341825216,12404,0,0,2025-10-05,0,1,0,0,1,0,1011.0,0.6626776364996261
0.3458852289507293,0.217,0.0,NE,BUF,1.0,2025,5,0.0,AFC East,AFC East,1,1,0.9156723637536278,12404,0,0,2025-10-05,0,0,0,0,0,0,1046.0,0.6626776364996261
1.0391667452829525,0.88,0.5441239776151529,GB,CIN,3.5,2025,6,0.33,NFC North,AFC North,0,0,0.995049504950495,4646,2528,1,2025-10-12,0,1,0,0,1,0,23.0,0.2482102788759483
1.1231050647438052,0.7809999999999999,0.0495049504950495,IND,ARI,1.0,2025,6,0.075,AFC South,NFC West,0,1,0.438226431338786,4646,230,1,2025-10-12,0,0,0,0,0,0,2610.0,0.2482102788759483
1.0834624899419572,0.755,0.0484287559190701,DEN,NYJ,2.0,2025,6,0.094,AFC West,AFC East,0,0,0.4860094705122686,4646,225,0,2025-10-12,0,0,0,1,0,1,2388.0,0.2482102788759483
1.043205678740114,0.733,0.0572535514421007,LAR,BAL,2.5,2025,6,0.044,NFC West,AFC North,0,1,0.8510546706844597,4646,266,0,2025-10-12,0,0,0,0,0,0,692.0,0.2482102788759483
1.124096867159113,0.769,0.0191562634524322,PHI,NYG,4.5,2025,6,0.2269999999999999,NFC East,NFC East,1,0,0.9164873009040034,4646,89,0,2025-10-09,1,0,0,0,1,0,388.0,0.2482102788759483
0.9485676870520684,0.7190000000000001,0.1644425312096427,PIT,CLE,1.5,2025,6,0.091,AFC North,AFC North,1,0,0.9758932414980628,4646,764,0,2025-10-12,0,0,0,0,0,0,112.0,0.2482102788759483
1.0213719360737037,0.691,0.0,WAS,CHI,1.5,2025,6,0.015,NFC East,NFC North,0,0,1.0,4646,0,1,2025-10-13,0,0,0,1,0,1,0.0,0.2482102788759483
0.9501198827490952,0.644,0.0019371502367628,BUF,ATL,4.5,2025,6,0.011,AFC East,NFC South,0,1,0.404218682737839,4646,9,1,2025-10-13,0,0,0,0,0,0,2768.0,0.2482102788759483
0.931247509247046,0.631,0.001506672406371,TB,SF,2.0,2025,6,0.002,NFC South,NFC West,0,1,0.8405079638398623,4646,7,1,2025-10-12,0,0,0,0,0,0,741.0,0.2482102788759483
0.8868649258688426,0.635,0.0662935858803271,LV,TEN,0.0,2025,6,0.021,AFC West,AFC South,0,1,0.9987085665088248,4646,308,0,2025-10-12,0,0,0,0,0,0,6.0,0.2482102788759483
0.9167226977673502,0.623,0.004735256134309,LAC,MIA,1.5,2025,6,0.019,AFC West,AFC East,0,1,0.98385708136031,4646,22,1,2025-10-12,0,0,0,0,0,0,75.0,0.2482102788759483
0.9062764159710084,0.621,0.0142057684029272,NE,NO,1.5,2025,6,0.045,AFC East,NFC South,0,1,0.9214377959535084,4646,66,1,2025-10-12,0,0,0,0,0,0,365.0,0.2482102788759483
0.8647011895201332,0.591,0.0103314679294016,DAL,CAR,0.0,2025,6,0.02,NFC East,NFC South,0,1,0.8170469220835127,4646,48,1,2025-10-12,0,1,1,0,1,1,850.0,0.2482102788759483
0.8482941301060404,0.574,0.0,KC,DET,5.0,2025,6,0.001,AFC West,NFC North,0,0,0.946405510116229,4646,0,0,2025-10-12,1,0,1,0,1,1,249.0,0.2482102788759483
0.7627747783811785,0.516,0.0002152389151958,SEA,JAX,1.0,2025,6,0.001,NFC West,AFC South,0,1,0.4614722341799397,4646,1,1,2025-10-12,0,0,0,0,0,0,2502.0,0.2482102788759483
0.7150895597826572,0.484,0.0004304778303917,JAX,SEA,1.0,2025,6,0.001,AFC South,NFC West,0,0,0.9203616013775292,4646,2,1,2025-10-12,0,0,0,0,0,0,370.0,0.2482102788759483
0.629570208057796,0.426,0.0,DET,KC,3.0,2025,6,0.001,NFC North,AFC West,0,0,0.5189410245372363,4646,0,1,2025-10-12,1,0,1,0,1,1,2235.0,0.2482102788759483
0.6131631486437034,0.409,0.0,CAR,DAL,0.5,2025,6,0.0,NFC South,NFC East,0,1,0.9972018941024536,4646,0,1,2025-10-12,0,0,0,0,0,0,13.0,0.2482102788759483
0.5715879221928223,0.379,0.0002152389151958,NO,NE,0.0,2025,6,0.0,NFC South,AFC East,0,1,0.9786913473956091,4646,1,0,2025-10-12,0,0,0,0,0,0,99.0,0.2482102788759483
0.5611416403964832,0.377,0.0,MIA,LAC,0.5,2025,6,0.0,AFC East,AFC West,0,1,0.9948342660352992,4646,0,0,2025-10-12,0,0,0,0,0,0,24.0,0.2482102788759483
0.5466168289167903,0.369,0.0,SF,TB,1.5,2025,6,0.0,NFC West,NFC South,0,1,0.9864399483426604,4646,0,0,2025-10-12,0,0,0,0,0,0,63.0,0.2482102788759483
0.5909994122949952,0.365,0.0,TEN,LV,0.0,2025,6,0.001,AFC South,AFC West,0,0,0.9997847610848042,4646,0,1,2025-10-12,0,0,0,0,0,0,1.0,0.2482102788759483
0.5277444554147379,0.356,0.0,ATL,BUF,1.0,2025,6,0.0,NFC South,AFC East,0,0,0.9972018941024536,4646,0,0,2025-10-13,0,0,0,0,0,0,13.0,0.2482102788759483
0.5292966511117658,0.281,0.0002152389151958,CLE,PIT,0.5,2025,6,0.0,AFC North,AFC North,1,1,1.0,4646,1,0,2025-10-12,0,0,0,0,0,0,0.0,0.2482102788759483
0.4564924020901325,0.309,0.0002152389151958,CHI,WAS,1.0,2025,6,0.001,NFC North,NFC East,0,0,0.9980628497632372,4646,1,1,2025-10-13,0,1,0,0,1,0,9.0,0.2482102788759483
0.3537674710047316,0.231,0.0,NYG,PHI,0.0,2025,6,0.0,NFC East,NFC East,1,0,1.0,4646,0,1,2025-10-09,0,0,0,0,0,0,0.0,0.2482102788759483
0.4346586594237224,0.267,0.0,BAL,LAR,3.5,2025,6,0.0,AFC North,NFC West,0,1,0.7912182522600086,4646,0,1,2025-10-12,1,0,0,0,1,0,970.0,0.2482102788759483
0.3944018482218769,0.245,0.0002152389151958,NYJ,DEN,0.0,2025,6,0.0,AFC East,AFC West,0,1,1.0,4646,1,1,2025-10-12,0,0,0,0,0,0,0.0,0.2482102788759483
0.3547592734200387,0.2189999999999999,0.0002152389151958,ARI,IND,0.0,2025,6,0.0,NFC West,AFC South,0,1,0.2774429616874731,4646,1,0,2025-10-12,0,0,0,0,0,0,3357.0,0.2482102788759483
0.4386975928808876,0.12,0.0002152389151958,CIN,GB,0.5,2025,6,0.0,AFC North,NFC North,0,0,0.9274644855789926,4646,1,1,2025-10-12,0,1,0,0,1,0,337.0,0.2482102788759483
1.125464015079364,0.779,0.0995925758261656,DEN,NYG,1.0,2025,7,0.039,AFC West,NFC East,0,1,0.4359438660027162,4418,440,1,2025-10-19,0,0,0,1,0,1,2492.0,0.2360294903301635
1.1117612590273414,0.745,0.0348574015391579,GB,ARI,3.5,2025,7,0.032,NFC North,NFC West,0,0,0.4228157537347216,4418,154,0,2025-10-19,0,1,0,0,1,0,2550.0,0.2360294903301635
1.0687772483950693,0.705,0.0076957899502037,DET,TB,3.0,2025,7,0.004,NFC North,NFC South,0,1,0.5124490719782707,4418,34,0,2025-10-20,1,0,1,0,1,1,2154.0,0.2360294903301635
1.1561871456944677,0.855,0.2894975101856043,KC,LV,5.0,2025,7,0.423,AFC West,AFC West,1,0,0.9474875509280216,4418,1279,1,2025-10-19,1,0,1,0,1,1,232.0,0.2360294903301635
1.0010978219414268,0.677,0.0409687641466727,PIT,CIN,1.0,2025,7,0.07,AFC North,AFC North,1,0,0.8037573562698054,4418,181,0,2025-10-16,0,0,0,0,0,0,867.0,0.2360294903301635
0.9064144005727092,0.7140000000000001,0.2827071072883658,NE,TEN,1.5,2025,7,0.222,AFC East,AFC South,0,0,0.9067451335445904,4418,1249,0,2025-10-19,0,0,0,0,0,0,412.0,0.2360294903301635
0.9187329594610104,0.604,0.0022634676324128,LAR,JAX,3.0,2025,7,0.003,NFC West,AFC South,0,1,0.7978723404255319,4418,10,0,2025-10-19,0,0,0,0,0,0,893.0,0.2360294903301635
0.9109516821152126,0.604,0.0115436849253055,SEA,HOU,0.5,2025,7,0.016,NFC West,AFC South,0,1,0.4631054775916704,4418,51,0,2025-10-20,0,0,0,0,0,0,2372.0,0.2360294903301635
0.864974596058569,0.6509999999999999,0.1826618379357175,CHI,NO,0.5,2025,7,0.144,NFC North,NFC South,0,0,0.9977365323675872,4418,807,1,2025-10-19,0,1,0,0,1,0,10.0,0.2360294903301635
0.8639188229296574,0.5670000000000001,0.0004526935264825,PHI,MIN,3.5,2025,7,0.003,NFC East,NFC North,0,1,0.9155726573110003,4418,2,0,2025-10-19,1,0,0,0,1,0,373.0,0.2360294903301635
0.8605610253633298,0.5660000000000001,0.0024898143956541,LAC,IND,1.5,2025,7,0.001,AFC West,AFC South,0,1,0.9796287913082844,4418,11,1,2025-10-19,0,0,0,0,0,0,90.0,0.2360294903301635
0.8316009331299011,0.563,0.0330466274332277,CLE,MIA,0.0,2025,7,0.009,AFC North,AFC East,0,1,1.0,4418,146,1,2025-10-19,0,0,0,0,0,0,0.0,0.2360294903301635
0.8103514896713381,0.532,0.0006790402897238,DAL,WAS,0.0,2025,7,0.002,NFC East,NFC East,1,0,0.813037573562698,4418,3,1,2025-10-19,0,1,1,0,1,1,826.0,0.2360294903301635
0.7788923485650422,0.51,0.0002263467632412,ATL,SF,2.0,2025,7,0.001,NFC South,NFC West,0,0,0.9977365323675872,4418,1,0,2025-10-19,0,0,0,0,0,0,10.0,0.2360294903301635
0.7752342364248235,0.505,0.0009053870529651,NYJ,CAR,0.0,2025,7,0.001,AFC East,NFC South,0,0,1.0,4418,4,0,2025-10-19,0,0,0,0,0,0,0.0,0.2360294903301635
0.7455010723275153,0.49,0.0018107741059302,SF,ATL,1.5,2025,7,0.004,NFC West,NFC South,0,0,0.9864191942055228,4418,8,0,2025-10-19,0,0,0,0,0,0,60.0,0.2360294903301635
0.7491591844677323,0.495,0.0070167496604798,CAR,NYJ,0.0,2025,7,0.018,NFC South,AFC East,0,1,0.9972838388411046,4418,31,0,2025-10-19,0,0,0,0,0,0,12.0,0.2360294903301635
0.7140419312212184,0.4679999999999999,0.0,WAS,DAL,0.5,2025,7,0.001,NFC East,NFC East,1,1,1.0,4418,0,0,2025-10-19,0,0,0,1,0,1,0.0,0.2360294903301635
0.6927924877626583,0.437,0.0004526935264825,MIA,CLE,0.5,2025,7,0.001,AFC East,AFC North,0,0,0.9947940244454504,4418,2,1,2025-10-19,0,0,0,0,0,0,23.0,0.2360294903301635
0.6604745979629005,0.433,0.0,MIN,PHI,0.5,2025,7,0.0,NFC North,NFC East,0,1,0.917609778180172,4418,0,1,2025-10-19,0,0,0,1,0,1,364.0,0.2360294903301635
0.6638323955292267,0.434,0.0,IND,LAC,1.5,2025,7,0.001,AFC South,AFC West,0,0,0.3897691263014939,4418,0,1,2025-10-19,0,0,0,0,0,0,2696.0,0.2360294903301635
0.6594188248339896,0.349,0.0,NO,CHI,0.0,2025,7,0.0,NFC South,NFC North,0,0,0.979402444545043,4418,0,1,2025-10-19,0,0,0,0,0,0,91.0,0.2360294903301635
0.6134417387773452,0.396,0.0,HOU,SEA,1.0,2025,7,0.001,AFC South,NFC West,0,1,0.7166138524219103,4418,0,0,2025-10-20,0,0,0,0,0,0,1252.0,0.2360294903301635
0.6056604614315444,0.396,0.0,JAX,LAR,1.0,2025,7,0.001,AFC South,NFC West,0,1,0.9210049796287914,4418,0,1,2025-10-19,0,0,0,0,0,0,349.0,0.2360294903301635
0.6179790203198479,0.286,0.0,TEN,NE,0.0,2025,7,0.0,AFC South,AFC East,0,1,0.9997736532367588,4418,0,0,2025-10-19,0,0,0,0,0,0,1.0,0.2360294903301635
0.5232955989511301,0.3229999999999999,0.0,CIN,PIT,1.0,2025,7,0.0,AFC North,AFC North,1,1,0.9284744228157538,4418,0,0,2025-10-16,0,1,0,0,1,0,316.0,0.2360294903301635
0.455616172497484,0.295,0.0,TB,DET,1.5,2025,7,0.001,NFC South,NFC North,0,0,0.8392937980986872,4418,0,1,2025-10-20,0,0,0,0,0,0,710.0,0.2360294903301635
0.3682062751980899,0.145,0.0,LV,KC,0.0,2025,7,0.0,AFC West,AFC West,1,0,0.9291534631054776,4418,0,1,2025-10-19,0,0,0,0,0,0,313.0,0.2360294903301635
0.4126321618652108,0.255,0.0,ARI,GB,0.0,2025,7,0.0,NFC West,NFC North,0,1,0.2745586238116795,4418,0,1,2025-10-19,0,0,0,0,0,0,3205.0,0.2360294903301635
0.3989294058132011,0.221,0.0,NYG,DEN,0.0,2025,7,0.0,NFC East,AFC West,0,0,1.0,4418,0,0,2025-10-19,0,0,0,0,0,0,0.0,0.2360294903301635
1.1592663170646145,0.901,0.3445657332700522,IND,TEN,1.0,2025,8,0.304,AFC South,AFC South,1,0,0.3901281442809682,4214,1452,1,2025-10-26,0,0,0,0,0,0,2570.0,0.225130890052356
1.169161385892588,0.8170000000000001,0.0192216421452301,KC,WAS,5.0,2025,8,0.052,AFC West,NFC East,0,0,0.6454674893213099,4214,81,1,2025-10-27,1,0,1,0,1,1,1494.0,0.225130890052356
1.091059668047082,0.765,0.0208827717133365,BUF,CAR,4.0,2025,8,0.0279999999999999,AFC East,NFC South,0,0,0.4010441385856668,4214,88,1,2025-10-26,0,0,0,0,0,0,2524.0,0.225130890052356
1.0790764582445524,0.757,0.0211200759373516,PHI,NYG,3.0,2025,8,0.037,NFC East,NFC East,1,1,0.9169435215946844,4214,89,0,2025-10-26,1,0,0,0,1,0,350.0,0.225130890052356
1.0302190926594497,0.746,0.0697674418604651,NE,CLE,2.5,2025,8,0.0819999999999999,AFC East,AFC North,0,0,0.6112956810631229,4214,294,0,2025-10-26,0,0,0,0,0,0,1638.0,0.225130890052356
0.8815083994710328,0.743,0.329140958709065,ATL,MIA,1.0,2025,8,0.226,NFC South,AFC East,0,0,0.997626957759848,4214,1387,1,2025-10-26,0,0,0,0,0,0,10.0,0.225130890052356
0.946978161251394,0.655,0.0007119126720455,DEN,DAL,1.0,2025,8,0.001,AFC West,NFC East,0,1,0.3319886093972473,4214,3,1,2025-10-26,0,0,0,1,0,1,2815.0,0.225130890052356
0.928216185388267,0.6459999999999999,0.00640721404841,TB,NO,2.0,2025,8,0.067,NFC South,NFC South,1,0,0.8398196487897485,4214,27,0,2025-10-26,0,0,0,0,0,0,675.0,0.225130890052356
0.8758853285758065,0.6890000000000001,0.1815377313716184,CIN,NYJ,0.0,2025,8,0.174,AFC North,AFC East,0,1,0.9285714285714286,4214,765,0,2025-10-26,0,1,0,0,1,0,301.0,0.225130890052356
0.8827471468847758,0.613,0.0037968675842429,LAC,MIN,2.0,2025,8,0.0069999999999999,AFC West,NFC North,0,0,0.9800664451827242,4214,16,0,2025-10-23,0,0,0,0,0,0,84.0,0.225130890052356
0.8484257681390395,0.586,0.0,HOU,SF,1.5,2025,8,0.0,AFC South,NFC West,0,1,0.7147603227337447,4214,0,1,2025-10-26,0,0,0,0,0,0,1202.0,0.225130890052356
0.8244077395622094,0.5710000000000001,0.0014238253440911,BAL,CHI,5.0,2025,8,0.002,AFC North,NFC North,0,1,0.7909349786426199,4214,6,0,2025-10-26,1,0,0,0,1,0,881.0,0.225130890052356
0.8307041522989989,0.574,0.0002373042240151,GB,PIT,3.5,2025,8,0.002,NFC North,AFC North,0,1,0.3882297104888467,4214,1,0,2025-10-26,0,1,0,0,1,0,2578.0,0.225130890052356
0.6230337217393689,0.429,0.0,CHI,BAL,1.0,2025,8,0.004,NFC North,AFC North,0,0,0.8065970574276222,4214,0,0,2025-10-26,0,1,0,0,1,0,815.0,0.225130890052356
0.6167373090025807,0.426,0.0,PIT,GB,1.0,2025,8,0.002,AFC North,NFC North,0,0,0.7952064546748933,4214,0,0,2025-10-26,0,0,0,0,0,0,863.0,0.225130890052356
0.5990156931625416,0.414,0.0002373042240151,SF,HOU,1.5,2025,8,0.006,NFC West,AFC South,0,0,0.984812529663028,4214,1,0,2025-10-26,0,0,0,0,0,0,64.0,0.225130890052356
0.5646943144168035,0.387,0.0,MIN,LAC,0.0,2025,8,0.001,NFC North,AFC West,0,0,0.919079259610821,4214,0,1,2025-10-23,0,0,0,1,0,1,341.0,0.225130890052356
0.5192252759133099,0.354,0.0,NO,TB,0.0,2025,8,0.0,NFC South,NFC South,1,1,0.9798291409587092,4214,0,0,2025-10-26,0,0,0,0,0,0,85.0,0.225130890052356
0.5715561327257727,0.311,0.0,NYJ,CIN,0.0,2025,8,0.0,AFC East,AFC North,0,1,1.0,4214,0,0,2025-10-26,0,0,0,0,0,0,0.0,0.225130890052356
0.5004633000501844,0.345,0.0,DAL,DEN,0.0,2025,8,0.001,NFC East,AFC West,0,0,0.8137161841480778,4214,0,0,2025-10-26,0,1,1,0,1,1,785.0,0.225130890052356
0.5659330618305465,0.257,0.0,MIA,ATL,0.0,2025,8,0.0,AFC East,NFC South,0,1,0.9952539155196962,4214,0,0,2025-10-26,0,0,0,0,0,0,20.0,0.225130890052356
0.4172223686421288,0.254,0.0,CLE,NE,0.0,2025,8,0.0,AFC North,AFC East,0,0,0.9653535832937826,4214,0,1,2025-10-26,0,0,0,0,0,0,146.0,0.225130890052356
0.3683650030570234,0.243,0.0,NYG,PHI,0.0,2025,8,0.0,NFC East,NFC East,1,0,1.0,4214,0,1,2025-10-26,0,0,0,0,0,0,0.0,0.225130890052356
0.3563817932544948,0.235,0.0,CAR,BUF,0.0,2025,8,0.0,NFC South,AFC East,0,0,0.9897959183673468,4214,0,1,2025-10-26,0,0,0,0,0,0,43.0,0.225130890052356
0.2782800754089877,0.183,0.0,WAS,KC,1.0,2025,8,0.003,NFC East,AFC West,0,1,1.0,4214,0,1,2025-10-27,0,0,0,1,0,1,0.0,0.225130890052356
0.2881751442369584,0.099,0.0,TEN,IND,0.0,2025,8,0.0,AFC South,AFC South,1,0,0.9997626957759848,4214,0,1,2025-10-26,0,0,0,0,0,0,1.0,0.225130890052356
1.1511355929485627,0.857,0.1283422459893048,GB,CAR,2.5,2025,9,0.108,NFC North,NFC South,0,0,0.3349538162372387,2057,264,1,2025-11-02,0,1,0,0,1,0,1368.0,0.1098942194678918
1.2038215342990362,0.804,0.0072921730675741,DET,MIN,5.0,2025,9,0.03,NFC North,NFC North,1,0,0.3062712688381137,2057,15,0,2025-11-02,1,0,1,0,1,1,1427.0,0.1098942194678918
0.9575819526357516,0.887,0.6456003889158969,LAR,NO,3.0,2025,9,0.466,NFC West,NFC South,0,0,0.8045697617890131,2057,1328,1,2025-11-02,0,0,0,0,0,0,402.0,0.1098942194678918
1.165764677688624,0.784,0.0102090422946037,BAL,MIA,4.0,2025,9,0.0819999999999999,AFC North,AFC East,0,1,0.7564414195430238,2057,21,1,2025-10-30,1,0,0,0,1,0,501.0,0.1098942194678918
1.0294060855994285,0.8109999999999999,0.193971803597472,LAC,TEN,1.0,2025,9,0.254,AFC West,AFC South,0,0,0.97277588721439,2057,399,0,2025-11-02,0,0,0,0,0,0,56.0,0.1098942194678918
1.0131583777128208,0.679,0.0063198833252309,NE,ATL,1.5,2025,9,0.011,AFC East,NFC South,0,0,0.5167719980554205,2057,13,1,2025-11-02,0,0,0,0,0,0,994.0,0.1098942194678918
0.9222180459584832,0.615,0.0038891589693728,DAL,ARI,0.0,2025,9,0.02,NFC East,NFC West,0,0,0.8099173553719008,2057,8,1,2025-11-03,0,1,1,0,1,1,391.0,0.1098942194678918
0.9175342095380656,0.603,0.0,IND,PIT,1.5,2025,9,0.002,AFC South,AFC North,0,0,0.0213903743315508,2057,0,1,2025-11-02,0,0,0,0,0,0,2013.0,0.1098942194678918
0.8907821837484676,0.588,0.0009722897423432,CHI,CIN,0.5,2025,9,0.001,NFC North,AFC North,0,1,0.8138065143412737,2057,2,1,2025-11-02,0,1,0,0,1,0,383.0,0.1098942194678918
0.867068856642281,0.5710000000000001,0.0004861448711716,SEA,WAS,2.0,2025,9,0.004,NFC West,NFC East,0,1,0.4545454545454545,2057,1,0,2025-11-02,0,0,0,0,0,0,1122.0,0.1098942194678918
0.8472690353960661,0.5579999999999999,0.0004861448711716,SF,NYG,1.0,2025,9,0.01,NFC West,NFC East,0,0,0.98492950899368,2057,1,0,2025-11-02,0,0,0,0,0,0,31.0,0.1098942194678918
0.8414534293110272,0.5529999999999999,0.0,KC,BUF,5.0,2025,9,0.0,AFC West,AFC East,0,1,0.5726786582401555,2057,0,0,2025-11-02,1,0,1,0,1,1,879.0,0.1098942194678918
0.8396545904350248,0.5529999999999999,0.0004861448711716,HOU,DEN,1.0,2025,9,0.0,AFC South,AFC West,0,1,0.7146329606222654,2057,1,0,2025-11-02,0,0,0,0,0,0,587.0,0.1098942194678918
0.8187690708881062,0.5429999999999999,0.0019445794846864,JAX,LV,1.5,2025,9,0.009,AFC South,AFC West,0,0,0.9149246475449684,2057,4,0,2025-11-02,0,0,0,0,0,0,175.0,0.1098942194678918
0.7028465336526301,0.457,0.0,LV,JAX,0.0,2025,9,0.0,AFC West,AFC South,0,1,0.9246475449684006,2057,0,1,2025-11-02,0,0,0,0,0,0,155.0,0.1098942194678918
0.6801621752297105,0.447,0.0,BUF,KC,4.0,2025,9,0.0,AFC East,AFC West,0,1,0.3198833252309188,2057,0,0,2025-11-02,0,0,0,0,0,0,1399.0,0.1098942194678918
0.6743465691446718,0.442,0.0,NYG,SF,0.0,2025,9,0.0,NFC East,NFC West,0,1,1.0,2057,0,1,2025-11-02,0,0,0,0,0,0,0.0,0.1098942194678918
0.6819610141057129,0.447,0.0,DEN,HOU,1.5,2025,9,0.002,AFC West,AFC South,0,1,0.3179387457462324,2057,0,0,2025-11-02,0,0,0,1,0,1,1403.0,0.1098942194678918
0.6545467478984567,0.429,0.0,WAS,SEA,0.5,2025,9,0.001,NFC East,NFC West,0,1,1.0,2057,0,0,2025-11-02,0,0,0,1,0,1,0.0,0.1098942194678918
0.6308334207922683,0.412,0.0,CIN,CHI,0.0,2025,9,0.001,AFC North,NFC North,0,0,0.9095770539620808,2057,0,0,2025-11-02,0,1,0,0,1,0,186.0,0.1098942194678918
0.604081395002672,0.397,0.0,PIT,IND,1.0,2025,9,0.0,AFC North,AFC South,0,0,0.8186679630529898,2057,0,0,2025-11-02,0,0,0,0,0,0,373.0,0.1098942194678918
0.5993975585822545,0.385,0.0,ARI,DAL,0.0,2025,9,0.001,NFC West,NFC East,0,1,0.3111327175498298,2057,0,0,2025-11-03,0,0,0,0,0,0,1417.0,0.1098942194678918
0.5084572268279228,0.321,0.0,ATL,NE,1.0,2025,9,0.0,NFC South,AFC East,0,0,0.9980554205153136,2057,0,0,2025-11-02,0,0,0,0,0,0,4.0,0.1098942194678918
0.4922095189413162,0.1889999999999999,0.0,TEN,LAC,0.0,2025,9,0.0,AFC South,AFC West,0,0,1.0,2057,0,0,2025-11-02,0,0,0,0,0,0,0.0,0.1098942194678918
0.3558509268521204,0.216,0.0,MIA,BAL,0.0,2025,9,0.0,AFC East,AFC North,0,0,0.9931939718035976,2057,0,0,2025-10-30,0,0,0,0,0,0,14.0,0.1098942194678918
0.5640336519049857,0.113,0.0,NO,LAR,0.0,2025,9,0.001,NFC South,NFC West,0,0,0.9674282936315022,2057,0,0,2025-11-02,0,0,0,0,0,0,67.0,0.1098942194678918
0.3177940702417042,0.196,0.0,MIN,DET,0.0,2025,9,0.0,NFC North,NFC North,1,1,0.8779776373359262,2057,0,1,2025-11-02,0,0,0,1,0,1,251.0,0.1098942194678918
0.3704800115921855,0.143,0.0,CAR,GB,0.5,2025,9,0.0,NFC South,NFC North,0,1,0.9873602333495382,2057,0,1,2025-11-02,0,0,0,0,0,0,26.0,0.1098942194678918
1.161568662201732,0.7829999999999999,0.0508762012436404,DET,WAS,3.5,2025,10,0.069,NFC North,NFC East,0,0,0.2967778405879028,1769,90,1,2025-11-09,1,0,1,0,1,1,1244.0,0.0945079602521637
1.1037205005453312,0.782,0.1475409836065573,BUF,MIA,5.0,2025,10,0.103,AFC East,AFC East,1,0,0.3114754098360656,1769,261,0,2025-11-09,0,0,0,0,0,0,1218.0,0.0945079602521637
1.0573320979462255,0.698,0.0073487846240814,LAR,SF,3.0,2025,10,0.002,NFC West,NFC West,1,1,0.1221028829847371,1769,13,0,2025-11-09,0,0,0,0,0,0,1553.0,0.0945079602521637
1.058133510197437,0.755,0.1475409836065573,SEA,ARI,1.5,2025,10,0.132,NFC West,NFC West,1,1,0.4482758620689655,1769,261,1,2025-11-09,0,0,0,0,0,0,976.0,0.0945079602521637
1.072649431282115,0.708,0.0073487846240814,IND,ATL,1.5,2025,10,0.019,AFC South,NFC South,0,1,0.0197851893725268,1769,13,1,2025-11-09,0,0,0,0,0,0,1734.0,0.0945079602521637
1.021454537822644,0.674,0.0062182023742227,BAL,MIN,5.0,2025,10,0.011,AFC North,NFC North,0,1,0.7360090446579989,1769,11,1,2025-11-09,1,0,0,0,1,0,467.0,0.0945079602521637
1.0561474176654129,0.7859999999999999,0.2425098925946862,DEN,LV,0.5,2025,10,0.336,AFC West,AFC West,1,1,0.3193894855850763,1769,429,1,2025-11-06,0,0,0,1,0,1,1204.0,0.0945079602521637
0.9409648375207365,0.662,0.0949689089881288,CHI,NYG,0.5,2025,10,0.033,NFC North,NFC East,0,1,0.8168456755228943,1769,168,0,2025-11-09,0,1,0,0,1,0,324.0,0.0945079602521637
0.9551194033934072,0.63,0.005087620124364,LAC,PIT,1.0,2025,10,0.004,AFC West,AFC North,0,0,0.7557942340305257,1769,9,0,2025-11-09,0,0,0,0,0,0,432.0,0.0945079602521637
0.8777822833048595,0.579,0.0045223289994347,TB,NE,2.0,2025,10,0.003,NFC South,AFC East,0,1,0.8355002826455624,1769,8,1,2025-11-09,0,0,0,0,0,0,291.0,0.0945079602521637
0.8608981385369986,0.682,0.2769926512153759,CAR,NO,0.0,2025,10,0.27,NFC South,NFC South,1,0,0.988128886376484,1769,490,0,2025-11-09,0,0,0,0,0,0,21.0,0.0945079602521637
0.8233945812820763,0.5429999999999999,0.005087620124364,CLE,NYJ,0.5,2025,10,0.01,AFC North,AFC East,0,0,0.963256076879593,1769,9,1,2025-11-09,0,0,0,0,0,0,65.0,0.0945079602521637
0.776587561867428,0.511,0.0022611644997173,HOU,JAX,2.0,2025,10,0.0,AFC South,AFC South,1,0,0.7117015262860373,1769,4,0,2025-11-09,0,0,0,0,0,0,510.0,0.0945079602521637
0.7613138975557628,0.5,0.0,GB,PHI,3.0,2025,10,0.001,NFC North,NFC East,0,1,0.2362916902204635,1769,0,1,2025-11-10,0,1,0,0,1,0,1351.0,0.0945079602521637
0.7613138975557628,0.5,0.0,PHI,GB,4.0,2025,10,0.006,NFC East,NFC North,0,0,0.8648954211418881,1769,0,0,2025-11-10,1,0,0,0,1,0,239.0,0.0945079602521637
0.7460402332440975,0.489,0.0005652911249293,JAX,HOU,2.0,2025,10,0.003,AFC South,AFC South,1,0,0.9112492933860938,1769,1,0,2025-11-09,0,0,0,0,0,0,157.0,0.0945079602521637
0.6992332138294514,0.457,0.0011305822498586,NYJ,CLE,0.0,2025,10,0.0,AFC East,AFC North,0,0,1.0,1769,2,1,2025-11-09,0,0,0,0,0,0,0.0,0.0945079602521637
0.6617296565745261,0.318,0.0,NO,CAR,0.0,2025,10,0.0,NFC South,NFC South,1,1,0.9711701526286036,1769,0,1,2025-11-09,0,0,0,0,0,0,51.0,0.0945079602521637
0.6448455118066664,0.421,0.0,NE,TB,3.5,2025,10,0.0,AFC East,NFC South,0,1,0.5217637083097796,1769,0,0,2025-11-09,0,0,0,0,0,0,846.0,0.0945079602521637
0.5675083917181196,0.37,0.0,PIT,LAC,1.0,2025,10,0.001,AFC North,AFC West,0,0,0.8473713962690785,1769,0,0,2025-11-09,0,0,0,0,0,0,270.0,0.0945079602521637
0.5816629575907876,0.3379999999999999,0.0,NYG,CHI,0.0,2025,10,0.0,NFC East,NFC North,0,0,1.0,1769,0,0,2025-11-09,0,0,0,0,0,0,0.0,0.0945079602521637
0.466480377446106,0.214,0.0,LV,DEN,0.0,2025,10,0.0,AFC West,AFC West,1,1,0.9361221028829848,1769,0,0,2025-11-06,0,0,0,0,0,0,113.0,0.0945079602521637
0.5011732572888871,0.326,0.0,MIN,BAL,0.5,2025,10,0.0,NFC North,AFC North,0,1,0.8824194460146976,1769,0,0,2025-11-09,0,0,0,1,0,1,208.0,0.0945079602521637
0.4644942849140852,0.245,0.0,ARI,SEA,0.0,2025,10,0.0,NFC West,NFC West,1,1,0.3069530808366308,1769,0,1,2025-11-09,0,0,0,0,0,0,1226.0,0.0945079602521637
0.4652956971653044,0.302,0.0,SF,LAR,1.0,2025,10,0.0,NFC West,NFC West,1,1,0.9875635952515546,1769,0,1,2025-11-09,0,0,0,0,0,0,22.0,0.0945079602521637
0.4499783638294201,0.292,0.0,ATL,IND,1.5,2025,10,0.0,NFC South,AFC South,0,1,0.998304126625212,1769,0,0,2025-11-09,0,0,0,0,0,0,3.0,0.0945079602521637
0.4189072945662046,0.218,0.0,MIA,BUF,0.5,2025,10,0.001,AFC East,AFC East,1,1,0.9926512153759186,1769,0,1,2025-11-09,0,0,0,0,0,0,13.0,0.0945079602521637
0.3610591329097978,0.217,0.0,WAS,DET,0.0,2025,10,0.0,NFC East,NFC North,0,1,1.0,1769,0,1,2025-11-09,0,0,0,1,0,1,0.0,0.0945079602521637
