Week,Date,Matchup,Wind,Weather_Source,Spread_Mean,Spread_Median,Spread_Std,Spread_Variance,Spread_Variance_Label,Spread_25th,Spread_75th,Total_Mean,Total_Median,Total_Std,Total_10th_Floor,Total_90th_Ceiling,Home_Win_Pct,Away_Win_Pct,Prob_Land_3,Prob_Land_7
1,2025-09-04,DAL @ PHI,10,Historical Avg,-0.19,-1.0,12.96,168.04,Med-Low,-10.0,9.0,49.85,50.0,12.827467986120055,34.0,67.0,0.505,0.495,0.095,0.092
1,2025-09-05,KC @ LAC,0,Dome,0.15,-1.0,13.06,170.67,Medium,-9.0,10.0,40.84,40.0,11.773968971648657,26.0,57.0,0.506,0.492,0.089,0.084
1,2025-09-07,TB @ ATL,0,Dome,-1.43,-3.0,13.22,174.81,Medium,-11.0,9.0,45.88,46.0,12.102182523074994,31.0,62.0,0.544,0.455,0.104,0.082
1,2025-09-07,CIN @ CLE,10,Historical Avg,6.41,7.0,14.11,198.98,High,-4.0,17.0,40.95,40.0,11.403241553081209,27.0,56.0,0.335,0.664,0.073,0.062
1,2025-09-07,MIA @ IND,0,Dome,-1.52,-3.0,14.17,200.65,High,-11.0,8.0,48.46,48.0,12.982717394711747,33.0,65.0,0.539,0.461,0.09,0.086
1,2025-09-07,CAR @ JAX,10,Historical Avg,-8.44,-9.0,12.9,166.29,Med-Low,-18.0,1.0,41.93,41.0,12.064473072227834,27.0,57.0,0.743,0.257,0.088,0.081
1,2025-09-07,LV @ NE,10,Historical Avg,-11.21,-11.0,12.81,164.01,Med-Low,-20.0,-4.0,38.32,37.0,11.728189392503278,24.0,54.0,0.817,0.182,0.061,0.069
1,2025-09-07,ARI @ NO,10,Historical Avg,1.95,3.0,13.45,180.83,Med-High,-7.0,12.0,40.98,41.0,11.804534002789904,26.0,57.0,0.452,0.547,0.096,0.091
1,2025-09-07,PIT @ NYJ,10,Historical Avg,10.0,10.0,12.48,155.75,Low,3.0,19.0,39.97,39.0,12.141135951062495,25.0,56.0,0.202,0.796,0.072,0.082
1,2025-09-07,NYG @ WAS,8,Historical Avg,-3.5,-4.0,13.96,194.77,Med-High,-13.0,7.0,43.94,44.0,12.057878064710367,29.0,60.0,0.607,0.393,0.085,0.082
1,2025-09-07,TEN @ DEN,8,Historical Avg,-8.08,-9.0,12.62,159.17,Low,-17.0,1.0,41.96,41.0,12.253586674373606,26.0,57.0,0.738,0.261,0.083,0.087
1,2025-09-07,SF @ SEA,8,Historical Avg,-2.53,-3.0,13.59,184.79,Med-High,-11.0,7.0,49.14,49.0,12.95604581356222,33.0,66.0,0.567,0.431,0.098,0.097
1,2025-09-07,DET @ GB,10,Historical Avg,-2.87,-4.0,13.13,172.28,Medium,-12.0,6.0,52.47,53.0,13.51465148662017,35.0,69.0,0.611,0.389,0.091,0.1
1,2025-09-07,HOU @ LA,0,Dome,-8.17,-8.0,12.63,159.41,Low,-17.0,1.0,48.43,47.0,12.650352066539783,33.0,65.0,0.737,0.263,0.081,0.089
1,2025-09-07,BAL @ BUF,10,Historical Avg,0.65,1.0,13.52,182.89,Med-High,-9.0,10.0,49.54,49.0,12.61815552483202,34.0,66.0,0.488,0.51,0.101,0.084
1,2025-09-08,MIN @ CHI,12,Historical Avg,-0.34,-1.0,13.03,169.74,Med-Low,-9.0,9.0,40.12,39.0,12.566265436756739,25.0,57.0,0.515,0.483,0.096,0.097
2,2025-09-11,WAS @ GB,10,Historical Avg,-8.57,-9.0,12.35,152.61,Low,-17.0,-1.0,47.06,46.0,12.613165976706878,31.0,64.0,0.758,0.241,0.08,0.091
2,2025-09-14,CLE @ BAL,8,Historical Avg,-13.29,-14.0,13.44,180.75,Med-High,-23.0,-5.0,43.87,43.0,11.795825554004285,29.0,59.0,0.831,0.167,0.053,0.068
2,2025-09-14,JAX @ CIN,8,Historical Avg,4.4,6.0,13.81,190.84,Med-High,-6.0,14.0,48.83,48.0,12.65846280875686,33.0,66.0,0.368,0.631,0.079,0.068
2,2025-09-14,NYG @ DAL,0,Dome,-6.77,-7.0,13.56,183.76,Med-High,-16.0,3.0,50.0,50.0,12.902925423503172,34.900000000000006,66.0,0.688,0.312,0.076,0.068
2,2025-09-14,CHI @ DET,0,Dome,-5.81,-6.0,13.51,182.57,Med-High,-15.0,4.0,51.11,51.0,13.245590839093465,34.0,69.0,0.661,0.338,0.085,0.078
2,2025-09-14,NE @ MIA,8,Historical Avg,4.04,5.0,13.87,192.5,Med-High,-7.0,14.0,44.66,44.0,12.892502341152266,28.0,61.0,0.398,0.601,0.094,0.081
2,2025-09-14,SF @ NO,10,Historical Avg,8.42,9.0,12.35,152.62,Low,1.0,17.0,45.82,46.0,12.583987115844156,30.0,63.0,0.241,0.759,0.079,0.08
2,2025-09-14,BUF @ NYJ,10,Historical Avg,11.14,12.0,12.55,157.57,Low,3.75,20.0,42.59,42.0,11.566544382353312,29.0,57.0,0.185,0.815,0.058,0.061
2,2025-09-14,SEA @ PIT,10,Historical Avg,4.79,6.0,12.52,156.75,Low,-4.0,13.0,44.34,44.0,12.579771486424175,29.0,61.0,0.345,0.655,0.097,0.098
2,2025-09-14,LA @ TEN,6,Historical Avg,13.32,14.0,13.02,169.63,Med-Low,6.0,22.25,46.91,46.0,12.462325848956347,32.0,63.0,0.151,0.849,0.061,0.079
2,2025-09-14,CAR @ ARI,0,Dome,-3.11,-4.0,13.41,179.74,Medium,-13.0,7.0,41.48,41.0,12.257798686086693,26.0,58.0,0.593,0.406,0.083,0.1
2,2025-09-14,DEN @ IND,0,Dome,-1.67,-2.0,13.66,186.69,Med-High,-11.25,8.0,47.81,47.0,11.91348858270365,33.0,63.0,0.533,0.464,0.082,0.087
2,2025-09-14,PHI @ KC,10,Historical Avg,1.84,3.0,13.04,170.01,Medium,-7.0,11.0,39.2,39.0,12.011321986186859,23.0,55.0,0.453,0.547,0.108,0.081
2,2025-09-14,ATL @ MIN,0,Dome,1.72,3.0,13.15,172.82,Medium,-7.0,11.0,41.36,40.0,12.0046269024517,26.0,57.0,0.455,0.543,0.108,0.093
2,2025-09-15,TB @ HOU,0,Dome,0.61,1.0,12.94,167.56,Med-Low,-9.0,10.0,44.64,44.0,12.039728986736955,29.0,60.10000000000002,0.481,0.519,0.09,0.089
2,2025-09-15,LAC @ LV,0,Dome,5.7,7.0,13.03,169.88,Med-Low,-4.0,15.0,38.11,37.0,11.462866015848624,23.0,54.0,0.337,0.663,0.082,0.104
3,2025-09-18,MIA @ BUF,10,Historical Avg,-4.28,-5.0,13.84,191.5,Med-High,-14.0,6.0,47.24,47.0,12.553380515317869,32.0,63.0,0.631,0.368,0.076,0.082
3,2025-09-21,ATL @ CAR,5,Historical Avg,3.42,4.0,12.86,165.26,Med-Low,-6.0,13.0,40.76,40.0,12.200442688763461,25.0,57.0,0.392,0.606,0.094,0.099
3,2025-09-21,GB @ CLE,10,Historical Avg,13.18,13.0,12.56,157.74,Low,6.0,21.0,41.2,41.0,11.70030290582633,26.0,57.0,0.151,0.849,0.069,0.072
3,2025-09-21,HOU @ JAX,10,Historical Avg,-5.41,-7.0,13.14,172.76,Medium,-14.0,3.0,42.9,43.0,11.902674012533849,28.0,59.0,0.661,0.338,0.089,0.077
3,2025-09-21,CIN @ MIN,0,Dome,0.6,2.0,13.51,182.56,Med-High,-10.0,10.0,45.36,45.0,11.95445640872173,30.0,61.0,0.459,0.541,0.1,0.087
3,2025-09-21,PIT @ NE,10,Historical Avg,-3.57,-4.0,13.45,180.83,Med-High,-13.0,7.0,45.09,44.5,12.182309496342008,30.0,61.0,0.602,0.395,0.075,0.088
3,2025-09-21,LA @ PHI,10,Historical Avg,6.77,7.0,12.16,147.79,Low,-2.0,15.0,47.12,47.0,12.386385208709543,31.900000000000006,63.0,0.277,0.72,0.1,0.084
3,2025-09-21,NYJ @ TB,8,Historical Avg,-6.91,-7.0,13.17,173.51,Medium,-16.0,3.0,40.51,40.0,12.729017396636861,25.0,57.0,0.702,0.298,0.079,0.083
3,2025-09-21,IND @ TEN,6,Historical Avg,9.43,10.0,13.68,187.13,Med-High,1.0,19.0,48.26,48.0,12.464978125920625,32.0,64.0,0.246,0.754,0.071,0.073
3,2025-09-21,LV @ WAS,8,Historical Avg,-4.2,-5.0,13.7,187.63,Med-High,-14.0,6.0,39.04,39.0,11.105801088522062,26.0,54.0,0.618,0.38,0.093,0.098
3,2025-09-21,DEN @ LAC,0,Dome,2.94,4.0,12.99,168.78,Med-Low,-6.0,12.0,42.5,42.0,12.799758154309353,26.0,59.0,0.388,0.612,0.107,0.071
3,2025-09-21,NO @ SEA,8,Historical Avg,-10.92,-11.0,12.73,161.95,Med-Low,-20.0,-3.0,43.76,43.0,12.317270442397176,28.0,60.0,0.807,0.192,0.069,0.063
3,2025-09-21,DAL @ CHI,12,Historical Avg,2.22,3.0,13.41,179.89,Medium,-7.0,11.25,51.28,51.0,12.777330361666758,35.0,68.0,0.448,0.549,0.087,0.083
3,2025-09-21,ARI @ SF,10,Historical Avg,-6.53,-7.0,13.27,176.18,Medium,-16.0,3.0,46.2,46.0,12.556897533852688,30.0,63.0,0.692,0.307,0.065,0.098
3,2025-09-21,KC @ NYG,10,Historical Avg,4.52,6.0,13.52,182.67,Med-High,-6.0,14.0,40.45,40.0,11.300327136565267,26.0,55.0,0.372,0.627,0.087,0.079
3,2025-09-22,DET @ BAL,8,Historical Avg,-0.08,0.0,14.2,201.61,High,-10.0,10.0,55.54,55.0,13.191521983920287,39.0,73.0,0.5,0.5,0.086,0.078
4,2025-09-25,SEA @ ARI,0,Dome,8.02,8.0,12.48,155.74,Low,-1.0,17.0,44.58,44.0,12.320581996835244,29.0,61.0,0.256,0.742,0.076,0.079
4,2025-09-28,MIN @ PIT,10,Historical Avg,-3.04,-4.0,13.34,177.91,Medium,-13.0,7.0,40.65,40.0,11.870472067576213,26.0,56.0,0.6,0.399,0.089,0.073
4,2025-09-28,WAS @ ATL,0,Dome,-4.16,-5.0,13.43,180.42,Med-High,-13.0,6.0,45.96,45.0,12.174373345941316,31.0,61.0,0.625,0.374,0.089,0.089
4,2025-09-28,NO @ BUF,10,Historical Avg,-9.67,-10.0,12.47,155.54,Low,-18.0,-2.75,46.0,46.0,12.753102862936244,30.0,62.0,0.778,0.221,0.074,0.079
4,2025-09-28,CLE @ DET,0,Dome,-12.85,-14.0,13.59,184.81,Med-High,-21.0,-4.0,45.88,46.0,12.338763474679466,30.0,62.0,0.825,0.174,0.062,0.06
4,2025-09-28,TEN @ HOU,0,Dome,-5.28,-6.0,12.51,156.46,Low,-14.0,3.25,40.99,40.5,11.893582862758947,26.0,57.0,0.671,0.328,0.097,0.081
4,2025-09-28,CAR @ NE,10,Historical Avg,-8.76,-9.0,13.13,172.39,Medium,-18.0,1.0,42.51,43.0,12.483817593256548,27.0,58.0,0.747,0.251,0.093,0.084
4,2025-09-28,LAC @ NYG,10,Historical Avg,4.01,6.0,13.18,173.73,Medium,-6.0,14.0,41.22,40.5,12.106180181981374,26.0,57.0,0.381,0.619,0.094,0.072
4,2025-09-28,PHI @ TB,8,Historical Avg,1.43,3.0,13.15,173.01,Medium,-8.0,10.0,45.46,45.0,12.343210029560131,29.0,61.0,0.453,0.545,0.092,0.106
4,2025-09-28,IND @ LA,0,Dome,-4.08,-5.0,13.57,184.19,Med-High,-13.0,5.0,54.13,54.0,13.707452471311116,37.0,71.10000000000002,0.635,0.364,0.092,0.079
4,2025-09-28,JAX @ SF,10,Historical Avg,-1.8,-3.0,13.3,176.86,Medium,-11.0,8.0,48.31,47.0,12.347433543660607,33.0,64.0,0.556,0.442,0.092,0.087
4,2025-09-28,BAL @ KC,10,Historical Avg,5.25,7.0,13.64,185.95,Med-High,-4.0,14.0,43.41,43.0,12.404131024238113,27.0,60.0,0.356,0.644,0.097,0.075
4,2025-09-28,CHI @ LV,0,Dome,4.5,6.0,12.56,157.83,Low,-5.0,13.0,37.56,36.0,11.633383627071472,23.0,54.0,0.349,0.646,0.094,0.091
4,2025-09-28,GB @ DAL,0,Dome,5.49,7.0,12.38,153.38,Low,-3.0,14.0,53.76,54.0,12.98930937956896,37.0,71.0,0.313,0.685,0.087,0.084
4,2025-09-29,NYJ @ MIA,8,Historical Avg,-6.71,-8.5,13.25,175.68,Medium,-16.0,3.0,39.91,39.0,11.804917410768915,26.0,55.10000000000002,0.702,0.297,0.07,0.084
4,2025-09-29,CIN @ DEN,8,Historical Avg,-3.22,-4.0,13.5,182.35,Med-High,-11.25,6.0,46.49,46.0,12.329394874768916,30.900000000000006,63.0,0.595,0.405,0.098,0.094
5,2025-10-02,SF @ LA,0,Dome,-1.96,-3.0,13.24,175.23,Medium,-11.0,8.0,52.79,52.0,12.87807830776397,36.0,71.0,0.553,0.447,0.099,0.069
5,2025-10-05,MIN @ CLE,10,Historical Avg,6.52,7.0,12.91,166.76,Med-Low,-4.0,16.0,36.53,36.0,11.575273774860054,22.0,52.10000000000002,0.316,0.684,0.072,0.077
5,2025-10-05,HOU @ BAL,10,Historical Avg,-5.2,-6.0,13.9,193.25,Med-High,-15.0,4.0,46.22,46.0,12.636562891930769,30.0,63.0,0.657,0.342,0.086,0.071
5,2025-10-05,MIA @ CAR,6,Historical Avg,2.74,4.0,13.33,177.77,Medium,-7.0,13.0,40.63,40.0,12.350905062215315,25.0,57.0,0.423,0.575,0.088,0.097
5,2025-10-05,LV @ IND,0,Dome,-9.61,-10.0,12.89,166.21,Med-Low,-19.0,-2.0,42.28,42.0,11.85764575127638,28.0,57.0,0.77,0.23,0.059,0.07
5,2025-10-05,NYG @ NO,10,Historical Avg,-2.2,-3.0,13.78,189.89,Med-High,-12.0,7.25,39.9,39.5,12.066133041143155,25.0,56.0,0.568,0.43,0.09,0.085
5,2025-10-05,DAL @ NYJ,12,Historical Avg,9.14,10.0,12.87,165.52,Med-Low,1.0,18.0,45.45,45.0,12.043194698191114,30.0,61.0,0.239,0.761,0.065,0.067
5,2025-10-05,DEN @ PHI,12,Historical Avg,-0.01,-1.0,13.32,177.44,Medium,-10.0,10.0,40.83,40.0,11.95714921782853,25.0,57.0,0.503,0.494,0.093,0.097
5,2025-10-05,TEN @ ARI,0,Dome,-5.64,-7.0,12.95,167.58,Med-Low,-15.0,3.0,41.72,41.0,12.217145068862594,27.0,58.0,0.668,0.331,0.087,0.076
5,2025-10-05,TB @ SEA,10,Historical Avg,-8.53,-9.0,13.11,171.78,Medium,-17.0,-1.0,47.34,47.0,12.883635630794092,32.0,64.0,0.755,0.243,0.089,0.079
5,2025-10-05,DET @ CIN,10,Historical Avg,5.05,6.0,14.04,197.03,High,-5.0,15.0,55.29,55.0,13.489917637920472,37.0,73.0,0.353,0.647,0.081,0.082
5,2025-10-05,WAS @ LAC,0,Dome,-0.91,-3.0,13.57,184.05,Med-High,-10.0,8.0,44.63,44.0,12.5742972746771,29.0,62.0,0.543,0.455,0.107,0.09
5,2025-10-05,NE @ BUF,10,Historical Avg,-0.96,-2.0,13.68,187.13,Med-High,-10.0,9.25,47.2,47.0,12.79559010464645,30.0,64.0,0.531,0.468,0.089,0.078
5,2025-10-06,KC @ JAX,10,Historical Avg,-5.04,-6.0,13.59,184.65,Med-High,-14.0,5.0,41.13,40.5,12.068947696402471,26.0,57.0,0.647,0.351,0.106,0.068
6,2025-10-09,PHI @ NYG,12,Historical Avg,7.23,9.0,13.54,183.39,Med-High,-3.0,17.0,41.91,41.0,11.470270402353343,28.0,57.0,0.296,0.704,0.083,0.076
6,2025-10-12,DEN @ NYJ,12,Historical Avg,9.26,10.0,12.68,160.82,Med-Low,1.0,18.0,38.93,39.0,11.079201582591939,26.0,53.0,0.231,0.766,0.071,0.082
6,2025-10-12,LA @ BAL,10,Historical Avg,2.82,4.0,13.67,186.9,Med-High,-7.0,13.0,52.82,53.0,13.83530956613515,35.0,71.0,0.401,0.598,0.092,0.08
6,2025-10-12,DAL @ CAR,6,Historical Avg,3.08,4.0,12.99,168.66,Med-Low,-7.0,13.0,47.12,47.0,12.372080640675575,32.0,63.10000000000002,0.407,0.593,0.088,0.093
6,2025-10-12,ARI @ IND,0,Dome,-4.36,-6.0,13.67,186.95,Med-High,-13.0,6.0,48.05,47.0,13.03883841863635,33.0,65.0,0.63,0.37,0.087,0.089
6,2025-10-12,SEA @ JAX,10,Historical Avg,2.98,4.0,13.23,174.97,Medium,-7.0,13.0,45.09,45.0,12.541389494408124,29.0,61.0,0.409,0.591,0.089,0.12
6,2025-10-12,LAC @ MIA,10,Historical Avg,-1.47,-3.0,13.81,190.7,Med-High,-11.0,9.0,43.09,43.0,11.745801967676107,29.0,58.0,0.542,0.458,0.089,0.089
6,2025-10-12,NE @ NO,10,Historical Avg,8.07,9.0,13.09,171.3,Medium,-1.0,17.0,42.76,43.0,12.324603313975134,27.0,60.0,0.266,0.732,0.088,0.076
6,2025-10-12,CLE @ PIT,12,Historical Avg,-11.79,-12.0,12.82,164.46,Med-Low,-20.0,-3.0,39.7,39.0,11.513250580914972,25.0,55.0,0.819,0.18,0.081,0.05
6,2025-10-12,TEN @ LV,0,Dome,0.58,2.0,12.7,161.24,Med-Low,-9.0,9.0,36.73,36.0,11.186458235198836,23.0,51.0,0.483,0.514,0.117,0.093
6,2025-10-12,CIN @ GB,12,Historical Avg,-8.45,-9.0,13.44,180.56,Med-High,-18.0,1.0,50.39,50.0,12.739229449498387,35.0,67.0,0.738,0.259,0.066,0.082
6,2025-10-12,SF @ TB,8,Historical Avg,5.56,7.0,13.67,186.85,Med-High,-4.0,14.0,49.2,49.0,12.056431833197935,34.0,65.0,0.33,0.67,0.082,0.084
6,2025-10-12,DET @ KC,10,Historical Avg,3.7,4.0,13.71,188.03,Med-High,-6.0,13.25,47.44,47.0,12.848637573201584,31.0,64.0,0.387,0.612,0.095,0.088
6,2025-10-13,BUF @ ATL,0,Dome,3.98,5.0,13.43,180.49,Med-High,-6.0,13.0,48.42,47.0,12.131561102132519,33.0,64.0,0.371,0.625,0.097,0.077
6,2025-10-13,CHI @ WAS,10,Historical Avg,0.11,-1.0,13.43,180.36,Med-High,-10.0,10.0,45.22,45.0,12.55907824828106,29.0,61.0,0.502,0.497,0.096,0.079
7,2025-10-16,PIT @ CIN,10,Historical Avg,2.27,3.0,13.84,191.5,Med-High,-7.0,11.0,47.25,47.0,12.785791937751666,31.0,64.0,0.443,0.556,0.09,0.095
7,2025-10-19,LA @ JAX,10,Historical Avg,1.82,3.0,13.01,169.36,Med-Low,-7.0,11.0,49.41,49.0,13.001091468772128,32.900000000000006,67.0,0.433,0.565,0.107,0.101
7,2025-10-19,NO @ CHI,15,Historical Avg,-3.08,-4.0,12.91,166.67,Med-Low,-12.0,7.0,41.21,41.0,12.299735260869948,26.0,57.0,0.6,0.396,0.083,0.088
7,2025-10-19,MIA @ CLE,10,Historical Avg,7.73,8.0,13.67,186.76,Med-High,-2.0,17.0,38.3,38.0,11.501576468522098,23.0,53.0,0.28,0.719,0.088,0.073
7,2025-10-19,LV @ KC,10,Historical Avg,-7.23,-8.0,12.6,158.85,Low,-16.0,2.25,35.67,36.0,11.000368544194695,22.0,51.0,0.723,0.276,0.086,0.061
7,2025-10-19,PHI @ MIN,0,Dome,0.56,1.0,13.39,179.32,Medium,-9.0,10.0,39.7,39.0,12.067544308003415,24.0,56.0,0.482,0.517,0.093,0.09
7,2025-10-19,CAR @ NYJ,12,Historical Avg,4.13,5.0,12.88,165.98,Med-Low,-6.0,13.0,37.46,37.0,11.883757936894487,23.0,53.0,0.365,0.632,0.088,0.08
7,2025-10-19,NE @ TEN,8,Historical Avg,10.86,12.0,12.84,164.8,Med-Low,3.0,20.0,43.4,43.0,11.772151823628446,29.0,58.0,0.197,0.802,0.082,0.066
7,2025-10-19,NYG @ DEN,10,Historical Avg,-7.82,-9.0,13.73,188.41,Med-High,-18.0,3.0,41.72,41.0,12.55569274952284,26.0,58.0,0.706,0.29,0.078,0.066
7,2025-10-19,IND @ LAC,0,Dome,4.01,5.0,13.86,192.03,Med-High,-7.0,14.0,47.66,47.0,12.66865797529063,32.0,64.0,0.392,0.606,0.086,0.082
7,2025-10-19,GB @ ARI,0,Dome,7.98,8.0,12.72,161.71,Med-Low,-1.0,17.0,44.23,44.0,12.580319568295568,29.0,61.0,0.265,0.734,0.102,0.089
7,2025-10-19,WAS @ DAL,0,Dome,-3.02,-4.0,14.31,204.79,High,-13.0,7.0,53.69,53.0,13.375305559081587,37.0,71.0,0.605,0.393,0.098,0.08
7,2025-10-19,ATL @ SF,10,Historical Avg,-4.29,-5.0,13.22,174.77,Medium,-13.0,6.0,48.12,47.0,12.658410301114092,33.0,65.0,0.629,0.37,0.081,0.078
7,2025-10-20,TB @ DET,0,Dome,-4.55,-6.0,13.46,181.12,Med-High,-14.0,6.0,52.49,52.0,13.30807878549571,36.0,70.0,0.647,0.353,0.074,0.088
7,2025-10-20,HOU @ SEA,10,Historical Avg,-8.06,-8.0,13.05,170.31,Medium,-17.0,2.0,43.8,43.0,12.027046430684711,29.0,59.0,0.729,0.271,0.082,0.089
8,2025-10-23,MIN @ LAC,0,Dome,-0.03,1.0,12.79,163.47,Med-Low,-10.0,10.0,40.97,40.0,11.972914209776778,26.0,57.0,0.496,0.501,0.1,0.081
8,2025-10-26,MIA @ ATL,0,Dome,-0.93,-1.0,13.49,181.89,Med-High,-10.0,9.0,46.02,46.0,12.658976012050646,30.0,63.0,0.515,0.483,0.09,0.085
8,2025-10-26,CHI @ BAL,10,Historical Avg,-6.21,-7.0,13.42,180.17,Med-High,-16.0,4.0,47.83,47.0,12.903316107364283,31.900000000000006,64.10000000000002,0.667,0.333,0.079,0.074
8,2025-10-26,BUF @ CAR,6,Historical Avg,7.0,7.0,13.29,176.75,Medium,-3.0,17.0,44.4,43.0,11.982761015791043,30.0,60.0,0.293,0.706,0.079,0.08
8,2025-10-26,NYJ @ CIN,10,Historical Avg,-6.71,-8.0,12.98,168.51,Med-Low,-17.0,3.0,41.72,41.0,11.579056548378652,27.0,57.0,0.701,0.298,0.073,0.067
8,2025-10-26,SF @ HOU,0,Dome,5.74,7.0,13.21,174.58,Medium,-4.0,15.0,46.76,46.0,12.167147384472477,32.0,63.0,0.335,0.664,0.075,0.082
8,2025-10-26,CLE @ NE,12,Historical Avg,-13.45,-14.0,13.2,174.29,Medium,-22.25,-5.0,40.5,40.0,11.808871641670487,26.0,57.0,0.839,0.159,0.061,0.065
8,2025-10-26,NYG @ PHI,12,Historical Avg,-6.67,-7.0,12.96,168.05,Med-Low,-15.0,3.0,41.28,41.0,12.06645657906141,26.0,57.0,0.698,0.301,0.097,0.084
8,2025-10-26,TB @ NO,10,Historical Avg,3.33,4.5,13.65,186.31,Med-High,-7.0,13.0,42.66,42.5,12.87896050244831,26.0,60.0,0.389,0.611,0.095,0.099
8,2025-10-26,DAL @ DEN,10,Historical Avg,-1.16,-2.0,13.6,185.0,Med-High,-11.0,9.0,49.65,49.0,12.862762131426113,33.0,67.0,0.531,0.469,0.078,0.089
8,2025-10-26,TEN @ IND,0,Dome,-8.81,-10.0,14.41,207.63,High,-18.0,1.0,47.1,47.0,12.431691073339257,32.0,63.0,0.731,0.267,0.074,0.059
8,2025-10-26,GB @ PIT,12,Historical Avg,3.9,4.0,12.87,165.71,Med-Low,-5.0,13.0,45.54,45.0,12.694702614652872,29.0,62.0,0.383,0.613,0.102,0.1
8,2025-10-27,WAS @ KC,10,Historical Avg,-2.67,-3.0,13.5,182.2,Med-High,-13.0,7.0,41.16,40.0,11.60895360503279,27.0,57.0,0.567,0.433,0.103,0.086
9,2025-10-30,BAL @ MIA,10,Historical Avg,5.65,7.0,13.93,193.93,Med-High,-5.0,15.0,47.35,47.0,12.860784999011173,32.0,64.0,0.34,0.659,0.072,0.083
9,2025-11-02,CHI @ CIN,10,Historical Avg,-1.38,-3.0,13.38,179.16,Medium,-10.0,9.0,48.46,49.0,13.310418146370582,31.900000000000006,66.0,0.547,0.449,0.092,0.1
9,2025-11-02,MIN @ DET,0,Dome,-4.96,-6.0,13.16,173.29,Medium,-14.0,4.0,47.38,47.0,12.839341403969584,31.0,64.0,0.658,0.34,0.077,0.092
9,2025-11-02,CAR @ GB,15,Historical Avg,-10.98,-11.0,12.07,145.73,Low,-19.0,-3.0,43.59,43.0,12.257248473460107,29.0,59.0,0.821,0.178,0.07,0.074
9,2025-11-02,DEN @ HOU,0,Dome,2.47,3.0,12.85,165.05,Med-Low,-7.0,11.0,41.53,40.5,12.566897107198058,25.0,59.0,0.427,0.572,0.094,0.099
9,2025-11-02,ATL @ NE,12,Historical Avg,-3.68,-5.0,13.41,179.83,Medium,-13.0,6.0,44.63,44.0,12.87970208218054,29.0,63.0,0.609,0.391,0.105,0.072
9,2025-11-02,SF @ NYG,12,Historical Avg,10.89,11.0,13.12,172.25,Medium,3.0,20.0,46.71,47.0,12.250046025530992,32.0,62.10000000000002,0.212,0.786,0.068,0.068
9,2025-11-02,IND @ PIT,12,Historical Avg,0.92,2.0,13.59,184.73,Med-High,-9.0,10.0,48.87,48.0,13.23689311505307,33.0,67.0,0.476,0.524,0.092,0.083
9,2025-11-02,LAC @ TEN,8,Historical Avg,5.69,6.5,12.93,167.22,Med-Low,-4.0,14.0,40.91,40.0,12.265753328055505,25.0,57.0,0.321,0.673,0.095,0.091
9,2025-11-02,NO @ LA,0,Dome,-10.76,-11.0,12.86,165.34,Med-Low,-20.0,-3.0,46.67,46.0,13.092739813951694,30.0,64.0,0.794,0.205,0.074,0.06
9,2025-11-02,JAX @ LV,0,Dome,9.53,10.0,12.82,164.25,Med-Low,3.0,18.0,38.9,38.0,11.69608436141726,25.0,55.0,0.218,0.782,0.081,0.075
9,2025-11-02,KC @ BUF,10,Historical Avg,-5.65,-7.0,12.81,164.21,Med-Low,-14.0,4.0,44.0,43.0,11.87459494067082,29.0,60.0,0.683,0.313,0.083,0.095
9,2025-11-02,SEA @ WAS,10,Historical Avg,10.03,10.0,12.87,165.65,Med-Low,3.0,19.0,47.02,46.0,12.641963583369604,31.0,63.10000000000002,0.204,0.795,0.074,0.073
9,2025-11-03,ARI @ DAL,0,Dome,-1.34,-3.0,13.19,173.88,Medium,-10.0,8.0,51.74,51.0,13.044984001814937,36.0,69.0,0.551,0.448,0.087,0.099
10,2025-11-06,LV @ DEN,10,Historical Avg,-8.41,-9.0,12.87,165.59,Med-Low,-17.0,1.0,37.48,37.0,11.418851306728062,23.0,53.0,0.734,0.262,0.094,0.078
10,2025-11-09,ATL @ IND,0,Dome,-0.85,-1.5,12.97,168.16,Med-Low,-10.0,8.0,49.88,49.5,12.637972240131814,34.0,65.10000000000002,0.522,0.477,0.108,0.074
10,2025-11-09,NO @ CAR,6,Historical Avg,-2.36,-3.0,13.39,179.3,Medium,-12.0,7.0,37.84,37.0,11.792517265769147,23.0,53.0,0.582,0.418,0.091,0.085
10,2025-11-09,NYG @ CHI,15,Historical Avg,-5.13,-6.0,13.77,189.53,Med-High,-14.0,6.0,42.29,42.0,12.389521227078802,26.0,58.0,0.646,0.353,0.079,0.083
10,2025-11-09,JAX @ HOU,0,Dome,4.92,6.0,13.32,177.46,Medium,-4.0,14.0,43.9,43.0,12.463214782820792,28.0,60.0,0.342,0.657,0.077,0.086
10,2025-11-09,BUF @ MIA,10,Historical Avg,4.11,5.0,14.07,197.85,High,-6.0,14.0,47.97,48.0,12.602769767229972,32.0,64.0,0.38,0.62,0.087,0.087
10,2025-11-09,BAL @ MIN,0,Dome,5.45,7.0,13.31,177.16,Medium,-5.0,14.25,43.62,43.0,12.439045214398325,28.0,60.0,0.329,0.669,0.073,0.088
10,2025-11-09,CLE @ NYJ,12,Historical Avg,-2.24,-3.0,12.81,164.21,Med-Low,-11.0,7.0,35.31,35.0,11.846428021005185,21.0,51.0,0.588,0.411,0.095,0.08
10,2025-11-09,NE @ TB,8,Historical Avg,6.01,7.0,13.2,174.29,Medium,-4.0,16.0,46.15,46.0,12.731020299955455,30.0,62.0,0.331,0.669,0.093,0.079
10,2025-11-09,ARI @ SEA,10,Historical Avg,-8.78,-9.0,13.11,171.81,Medium,-19.0,-1.0,44.41,44.0,12.683426205103268,29.0,60.10000000000002,0.751,0.246,0.091,0.087
10,2025-11-09,LA @ SF,8,Historical Avg,-0.09,-1.0,12.98,168.47,Med-Low,-10.0,9.0,51.96,51.0,13.223505476880822,36.0,69.0,0.508,0.491,0.087,0.107
10,2025-11-09,DET @ WAS,10,Historical Avg,5.62,6.0,13.88,192.75,Med-High,-5.0,15.0,52.58,52.0,13.05195251540797,36.0,69.10000000000002,0.341,0.658,0.076,0.084
10,2025-11-09,PIT @ LAC,0,Dome,3.29,4.0,12.91,166.56,Med-Low,-6.0,12.0,43.72,43.0,12.246306014917764,29.0,59.0,0.397,0.603,0.09,0.088
10,2025-11-10,PHI @ GB,15,Historical Avg,-5.91,-7.0,12.94,167.48,Med-Low,-14.0,3.0,45.01,44.0,12.610746644466811,29.0,61.0,0.687,0.312,0.085,0.091
11,2025-11-13,NYJ @ NE,12,Historical Avg,-11.91,-12.0,12.5,156.17,Low,-20.25,-4.0,39.53,39.0,11.420572160293393,25.0,54.0,0.829,0.171,0.044,0.081
11,2025-11-16,WAS @ MIA,10,Historical Avg,-2.29,-3.0,13.97,195.25,High,-13.0,8.0,45.74,45.0,12.322837186148176,30.0,62.0,0.567,0.432,0.07,0.088
11,2025-11-16,CAR @ ATL,0,Dome,-5.52,-6.0,12.79,163.67,Med-Low,-14.0,4.0,42.22,42.0,11.910799223315712,26.900000000000006,58.0,0.66,0.337,0.088,0.097
11,2025-11-16,TB @ BUF,10,Historical Avg,-5.23,-7.0,13.99,195.64,High,-14.0,6.0,49.38,49.0,12.334116970478325,33.900000000000006,66.0,0.644,0.355,0.065,0.09
11,2025-11-16,LAC @ JAX,10,Historical Avg,-5.6,-7.0,12.97,168.25,Med-Low,-15.0,4.0,43.82,43.0,12.856603410358868,29.0,61.0,0.676,0.324,0.085,0.1
11,2025-11-16,CHI @ MIN,0,Dome,-1.18,-1.5,13.59,184.66,Med-High,-10.0,9.0,41.44,40.0,11.948210524372875,27.0,57.0,0.518,0.482,0.069,0.091
11,2025-11-16,GB @ NYG,12,Historical Avg,12.11,13.0,12.42,154.3,Low,4.75,20.0,45.06,44.0,12.41805875260635,30.0,61.0,0.174,0.825,0.062,0.077
11,2025-11-16,CIN @ PIT,12,Historical Avg,-4.44,-5.0,13.58,184.32,Med-High,-14.0,6.0,47.98,47.0,12.142453754624029,33.0,64.0,0.626,0.373,0.081,0.064
11,2025-11-16,HOU @ TEN,8,Historical Avg,5.64,6.0,12.91,166.72,Med-Low,-4.0,14.0,40.86,40.0,12.402208302184365,26.0,57.0,0.322,0.677,0.092,0.071
11,2025-11-16,SF @ ARI,0,Dome,5.32,6.0,12.72,161.84,Med-Low,-4.25,14.25,46.74,46.0,12.54014251012221,31.0,63.0,0.335,0.664,0.084,0.097
11,2025-11-16,SEA @ LA,0,Dome,0.91,2.0,13.04,170.07,Medium,-8.25,10.0,50.77,50.0,13.532373817669283,33.0,69.0,0.465,0.532,0.1,0.091
11,2025-11-16,BAL @ CLE,10,Historical Avg,13.29,14.0,14.07,197.9,High,5.0,23.0,42.71,42.0,11.95658881186503,27.900000000000006,57.0,0.17,0.827,0.047,0.045
11,2025-11-16,KC @ DEN,10,Historical Avg,-2.85,-4.0,13.36,178.6,Medium,-13.0,7.0,39.65,39.0,12.028914780261385,25.0,55.0,0.604,0.396,0.083,0.102
11,2025-11-16,DET @ PHI,12,Historical Avg,3.7,4.0,13.58,184.46,Med-High,-6.0,13.0,49.36,50.0,13.228008588264947,33.0,66.0,0.389,0.609,0.084,0.081
11,2025-11-17,DAL @ LV,0,Dome,8.97,10.0,13.33,177.71,Medium,1.0,18.0,45.4,45.0,11.625986390821192,30.900000000000006,60.0,0.248,0.751,0.08,0.064
12,2025-11-20,BUF @ HOU,0,Dome,6.21,7.0,12.87,165.59,Med-Low,-3.0,15.0,46.64,46.0,12.494614014821721,30.0,63.0,0.317,0.681,0.078,0.068
12,2025-11-23,NYJ @ BAL,10,Historical Avg,-12.06,-13.0,13.16,173.09,Medium,-21.0,-3.0,42.32,41.0,11.710135407896498,29.0,58.0,0.806,0.194,0.069,0.062
12,2025-11-23,PIT @ CHI,15,Historical Avg,2.68,3.0,12.93,167.22,Med-Low,-7.0,11.0,43.07,43.0,12.018669119640801,29.0,58.10000000000002,0.42,0.577,0.096,0.1
12,2025-11-23,NE @ CIN,10,Historical Avg,6.81,7.0,13.3,176.86,Medium,-3.0,17.0,48.95,48.5,12.585276325142019,33.0,66.0,0.296,0.702,0.079,0.084
12,2025-11-23,NYG @ DET,0,Dome,-10.34,-11.0,13.29,176.53,Medium,-20.0,-3.0,48.47,47.0,12.503166525851487,33.0,64.0,0.777,0.222,0.068,0.068
12,2025-11-23,MIN @ GB,15,Historical Avg,-7.88,-7.0,12.99,168.68,Med-Low,-17.0,1.0,43.11,42.0,12.219100843573777,29.0,60.0,0.737,0.263,0.073,0.102
12,2025-11-23,IND @ KC,10,Historical Avg,3.05,3.0,14.0,196.08,High,-7.0,13.0,45.65,45.0,12.388962118853314,30.0,62.0,0.419,0.577,0.099,0.087
12,2025-11-23,SEA @ TEN,8,Historical Avg,13.47,14.0,12.26,150.4,Low,6.0,21.0,43.89,43.0,12.327429436687783,29.0,61.0,0.137,0.863,0.056,0.067
12,2025-11-23,JAX @ ARI,0,Dome,4.26,6.0,12.97,168.19,Med-Low,-5.0,13.0,44.1,43.0,12.936775454461564,29.0,61.0,0.344,0.653,0.084,0.095
12,2025-11-23,CLE @ LV,0,Dome,-1.7,-3.0,13.63,185.79,Med-High,-11.0,9.0,34.72,35.0,11.298393367762191,21.0,49.0,0.554,0.446,0.105,0.072
12,2025-11-23,PHI @ DAL,0,Dome,-0.44,-1.0,12.66,160.16,Med-Low,-9.0,8.0,51.05,50.0,12.97077607670536,35.0,68.0,0.513,0.486,0.099,0.104
12,2025-11-23,ATL @ NO,10,Historical Avg,4.75,6.0,12.77,163.18,Med-Low,-4.0,13.0,42.68,42.0,12.58919086862721,27.0,60.0,0.339,0.661,0.093,0.087
12,2025-11-23,TB @ LA,0,Dome,-7.31,-7.0,13.77,189.53,Med-High,-17.0,3.0,50.77,50.0,13.168314413944728,34.0,68.0,0.708,0.29,0.089,0.081
12,2025-11-24,CAR @ SF,8,Historical Avg,-9.15,-10.0,13.08,171.0,Medium,-17.0,-2.0,44.47,44.0,12.269701894691028,29.0,61.0,0.763,0.233,0.072,0.073
13,2025-11-27,GB @ DET,0,Dome,2.96,3.5,12.94,167.35,Med-Low,-7.0,11.0,52.48,52.0,13.079704839126862,36.0,69.0,0.417,0.583,0.109,0.101
13,2025-11-27,KC @ DAL,0,Dome,-1.97,-3.0,13.12,172.2,Medium,-11.0,7.0,48.38,48.0,12.473157405230467,33.0,65.0,0.576,0.424,0.091,0.086
13,2025-11-27,CIN @ BAL,10,Historical Avg,-6.02,-7.0,13.39,179.39,Medium,-15.0,4.0,52.59,53.0,12.907924485156958,36.0,70.0,0.665,0.334,0.089,0.101
13,2025-11-28,CHI @ PHI,12,Historical Avg,-3.41,-4.0,12.7,161.26,Med-Low,-13.0,6.0,42.18,42.0,12.772153416824544,26.0,59.0,0.607,0.391,0.098,0.1
14,2025-11-30,LA @ CAR,6,Historical Avg,9.32,10.0,12.23,149.66,Low,3.0,17.0,43.82,43.0,12.385239972207613,28.0,59.10000000000002,0.222,0.778,0.084,0.071
14,2025-11-30,SF @ CLE,10,Historical Avg,10.82,11.0,12.75,162.65,Med-Low,3.0,20.0,41.61,42.0,11.375781837412864,26.0,56.0,0.191,0.808,0.072,0.05
14,2025-11-30,HOU @ IND,0,Dome,-3.98,-5.0,13.27,176.13,Medium,-13.0,6.0,47.75,47.0,12.83841173260212,32.0,64.0,0.61,0.39,0.09,0.088
14,2025-11-30,NO @ MIA,10,Historical Avg,-3.03,-4.0,13.79,190.09,Med-High,-13.0,7.0,42.22,41.0,12.096534633941664,27.0,58.0,0.582,0.417,0.084,0.079
14,2025-11-30,ATL @ NYJ,12,Historical Avg,8.97,10.0,12.86,165.38,Med-Low,1.0,17.0,40.16,39.0,11.439078481963332,26.0,56.0,0.236,0.762,0.059,0.087
14,2025-11-30,ARI @ TB,8,Historical Avg,-1.47,-3.0,13.07,170.77,Medium,-10.0,7.0,44.35,43.0,12.408096423579924,29.0,61.0,0.545,0.454,0.106,0.099
14,2025-11-30,JAX @ TEN,8,Historical Avg,10.0,11.0,13.07,170.8,Medium,3.0,19.0,42.59,43.0,11.848916736471221,28.0,58.10000000000002,0.222,0.778,0.072,0.063
14,2025-11-30,MIN @ SEA,10,Historical Avg,-8.72,-9.0,12.92,166.82,Med-Low,-17.0,-1.0,42.32,42.0,12.290501675335772,26.0,58.0,0.752,0.248,0.083,0.072
14,2025-11-30,LV @ LAC,0,Dome,-5.79,-7.0,12.49,156.03,Low,-14.0,3.0,38.02,37.0,11.22402288351595,23.900000000000006,53.0,0.688,0.31,0.088,0.08
14,2025-11-30,BUF @ PIT,12,Historical Avg,2.5,3.0,13.29,176.65,Medium,-7.0,11.0,47.31,47.0,12.386370460032799,32.0,63.0,0.426,0.571,0.096,0.086
14,2025-11-30,DEN @ WAS,10,Historical Avg,3.31,4.0,13.35,178.24,Medium,-7.0,13.0,44.38,44.0,12.5346714751121,29.0,61.0,0.407,0.591,0.091,0.094
14,2025-12-01,NYG @ NE,15,Historical Avg,-10.8,-12.0,12.79,163.54,Med-Low,-20.0,-3.0,43.33,43.0,12.030147482406376,28.900000000000006,58.0,0.785,0.214,0.072,0.068
15,2025-12-04,DAL @ DET,0,Dome,-4.38,-5.0,13.48,181.81,Med-High,-14.0,6.0,59.03,58.0,13.475305371488055,43.0,77.0,0.612,0.387,0.077,0.087
15,2025-12-07,SEA @ ATL,0,Dome,5.72,7.0,12.52,156.7,Low,-3.25,14.0,45.69,44.5,12.662096694177182,29.0,61.0,0.319,0.681,0.087,0.093
15,2025-12-07,PIT @ BAL,12,Historical Avg,-2.34,-3.0,13.92,193.69,Med-High,-12.0,7.0,48.41,48.0,12.555907566353568,33.0,65.0,0.567,0.43,0.094,0.097
15,2025-12-07,TEN @ CLE,10,Historical Avg,1.43,3.0,13.07,170.9,Medium,-8.0,10.0,36.44,36.0,11.734483290630997,22.0,52.0,0.454,0.543,0.092,0.105
15,2025-12-07,IND @ JAX,10,Historical Avg,-1.39,-3.0,14.21,201.87,High,-11.0,8.0,49.0,49.0,12.779213876733863,33.0,65.0,0.536,0.464,0.069,0.086
15,2025-12-07,WAS @ MIN,0,Dome,-2.05,-3.0,13.4,179.67,Medium,-12.0,8.0,42.71,42.0,12.389198046210588,27.0,60.0,0.575,0.425,0.084,0.075
15,2025-12-07,MIA @ NYJ,15,Historical Avg,8.62,10.0,13.03,169.73,Med-Low,-1.0,18.0,39.35,39.0,11.826540748082934,24.0,54.10000000000002,0.252,0.748,0.066,0.071
15,2025-12-07,NO @ TB,10,Historical Avg,-3.74,-5.0,12.88,165.98,Med-Low,-13.0,5.0,43.77,43.0,12.83096089767082,28.0,61.0,0.618,0.381,0.099,0.081
15,2025-12-07,CIN @ BUF,10,Historical Avg,-6.78,-7.0,14.19,201.28,High,-17.0,3.25,51.74,51.0,12.68490196011533,36.0,68.0,0.681,0.319,0.087,0.076
15,2025-12-07,DEN @ LV,0,Dome,8.12,9.0,12.94,167.42,Med-Low,-1.0,17.0,38.07,38.0,11.688712589588384,23.0,53.0,0.263,0.736,0.065,0.084
15,2025-12-07,CHI @ GB,15,Historical Avg,-9.11,-10.0,12.85,165.09,Med-Low,-17.0,-2.0,45.38,44.0,12.43936710021269,30.0,61.0,0.773,0.226,0.074,0.085
15,2025-12-07,LA @ ARI,0,Dome,7.92,9.0,12.92,166.8,Med-Low,-1.0,17.0,47.98,47.0,12.388266430180824,32.0,64.0,0.26,0.739,0.082,0.093
15,2025-12-07,HOU @ KC,10,Historical Avg,-0.28,-1.0,13.08,171.11,Medium,-9.0,9.0,39.45,39.0,11.919793642529239,23.0,55.0,0.503,0.497,0.105,0.089
15,2025-12-08,PHI @ LAC,0,Dome,1.55,3.0,12.72,161.81,Med-Low,-7.0,10.0,42.54,42.0,13.158848973459127,26.0,59.0,0.446,0.553,0.096,0.086
16,2025-12-11,ATL @ TB,10,Historical Avg,1.47,3.0,13.3,176.85,Medium,-7.0,10.0,46.8,46.0,12.842387898164692,30.0,64.0,0.45,0.549,0.098,0.103
16,2025-12-14,CLE @ CHI,18,Historical Avg,-8.44,-9.5,13.01,169.18,Med-Low,-17.0,1.25,37.1,37.0,12.095432339667875,22.0,53.0,0.731,0.268,0.071,0.071
16,2025-12-14,BAL @ CIN,12,Historical Avg,7.4,8.0,13.62,185.41,Med-High,-3.0,17.0,50.91,51.0,12.450001547732375,35.0,67.0,0.293,0.706,0.065,0.085
16,2025-12-14,ARI @ HOU,0,Dome,-0.25,-2.0,13.2,174.24,Medium,-10.0,9.0,42.64,42.0,12.442359756746962,27.900000000000006,59.0,0.52,0.48,0.082,0.109
16,2025-12-14,NYJ @ JAX,10,Historical Avg,-11.06,-11.0,12.7,161.32,Med-Low,-20.0,-3.0,39.9,40.0,11.63065222036456,25.0,55.0,0.816,0.183,0.054,0.069
16,2025-12-14,LAC @ KC,10,Historical Avg,-1.2,-3.0,13.36,178.44,Medium,-10.0,9.0,39.93,39.0,11.765158007563814,25.900000000000006,55.0,0.534,0.463,0.082,0.099
16,2025-12-14,BUF @ NE,15,Historical Avg,0.42,1.0,14.05,197.43,High,-10.0,10.0,48.29,48.0,12.529427383186773,33.0,64.0,0.482,0.514,0.072,0.097
16,2025-12-14,WAS @ NYG,15,Historical Avg,4.61,5.0,14.4,207.26,High,-5.0,14.0,44.57,44.0,12.395858231736165,29.0,61.0,0.369,0.628,0.089,0.075
16,2025-12-14,LV @ PHI,15,Historical Avg,-6.63,-7.0,12.78,163.42,Med-Low,-16.0,3.0,37.28,37.0,11.749423813956154,22.0,53.0,0.692,0.306,0.095,0.095
16,2025-12-14,GB @ DEN,12,Historical Avg,4.67,6.0,12.76,162.9,Med-Low,-5.0,13.25,43.24,43.0,12.634515700531894,27.0,60.0,0.36,0.639,0.113,0.086
16,2025-12-14,DET @ LA,0,Dome,-3.65,-4.0,13.02,169.43,Med-Low,-13.0,6.0,56.45,57.0,13.438373632470778,39.0,73.10000000000002,0.621,0.378,0.102,0.091
16,2025-12-14,CAR @ NO,10,Historical Avg,0.11,1.0,12.91,166.59,Med-Low,-9.0,9.0,39.74,40.0,11.7672553851482,24.0,55.0,0.494,0.504,0.12,0.086
16,2025-12-14,IND @ SEA,12,Historical Avg,-6.01,-7.0,13.88,192.58,Med-High,-15.0,3.25,50.24,50.0,12.879842947581091,33.0,67.0,0.673,0.327,0.094,0.08
16,2025-12-14,TEN @ SF,8,Historical Avg,-12.13,-13.0,12.72,161.7,Med-Low,-20.0,-5.0,45.22,44.0,12.044990568605598,30.0,61.0,0.827,0.173,0.06,0.072
16,2025-12-14,MIN @ DAL,0,Dome,-1.45,-3.0,13.32,177.43,Medium,-11.0,7.0,48.53,48.0,12.994075765709734,33.0,65.0,0.55,0.45,0.092,0.082
16,2025-12-15,MIA @ PIT,12,Historical Avg,-1.4,-3.0,13.47,181.33,Med-High,-11.0,8.0,43.81,43.0,12.268324693730223,29.0,60.0,0.536,0.463,0.098,0.085
17,2025-12-18,LA @ SEA,12,Historical Avg,-1.48,-3.0,13.22,174.76,Medium,-11.0,7.25,50.02,50.0,13.163244851290088,33.900000000000006,67.0,0.552,0.447,0.1,0.085
17,2025-12-20,PHI @ WAS,12,Historical Avg,2.26,3.0,13.11,171.76,Medium,-7.0,11.0,44.56,44.0,12.444241163612112,29.0,61.0,0.428,0.569,0.096,0.098
17,2025-12-20,GB @ CHI,18,Historical Avg,8.26,9.0,13.09,171.29,Medium,1.0,17.0,43.46,43.0,12.551825497644687,27.0,60.0,0.245,0.755,0.074,0.087
17,2025-12-21,TB @ CAR,8,Historical Avg,2.15,3.0,13.54,183.39,Med-High,-7.0,12.0,41.46,41.0,12.070632923719417,26.900000000000006,57.0,0.454,0.545,0.088,0.102
17,2025-12-21,BUF @ CLE,10,Historical Avg,11.76,13.0,12.83,164.65,Med-Low,3.0,20.0,42.16,42.0,11.997709115661372,27.0,57.0,0.19,0.808,0.067,0.069
17,2025-12-21,LAC @ DAL,0,Dome,-1.85,-3.0,13.28,176.28,Medium,-11.0,8.0,50.19,50.0,12.30316572622213,35.0,67.0,0.565,0.433,0.08,0.084
17,2025-12-21,NYJ @ NO,10,Historical Avg,-3.31,-5.0,13.17,173.41,Medium,-13.0,6.25,37.33,36.0,11.174013718560694,23.0,52.0,0.594,0.404,0.099,0.085
17,2025-12-21,MIN @ NYG,15,Historical Avg,5.0,6.0,14.1,198.93,High,-6.0,15.0,41.27,41.0,11.845980383710385,26.0,57.0,0.364,0.636,0.074,0.083
17,2025-12-21,KC @ TEN,10,Historical Avg,6.25,6.0,12.66,160.23,Med-Low,-3.0,15.0,39.32,39.0,11.507768886484675,25.0,54.0,0.306,0.694,0.097,0.086
17,2025-12-21,CIN @ MIA,10,Historical Avg,-1.74,-3.0,14.28,204.0,High,-12.0,7.0,47.72,47.0,12.708220720221767,32.0,65.0,0.558,0.441,0.072,0.088
17,2025-12-21,ATL @ ARI,0,Dome,2.41,3.0,12.82,164.31,Med-Low,-7.0,12.0,43.64,43.0,12.495094693174256,28.0,59.10000000000002,0.422,0.578,0.106,0.087
17,2025-12-21,JAX @ DEN,12,Historical Avg,2.0,3.0,13.0,168.91,Med-Low,-7.0,12.0,42.68,42.0,13.01655367866893,26.0,59.0,0.429,0.569,0.103,0.106
17,2025-12-21,PIT @ DET,0,Dome,-2.03,-3.0,12.97,168.32,Med-Low,-11.0,7.0,51.01,50.0,13.027420223424041,34.0,68.0,0.561,0.438,0.098,0.091
17,2025-12-21,LV @ HOU,0,Dome,-5.62,-6.0,13.38,179.01,Medium,-15.0,5.0,37.89,37.0,11.189468629394705,24.0,53.0,0.649,0.349,0.088,0.064
17,2025-12-21,NE @ BAL,12,Historical Avg,1.11,2.0,13.42,180.08,Med-High,-9.0,10.0,48.64,48.0,13.424627392245217,32.0,66.0,0.471,0.528,0.08,0.096
17,2025-12-22,SF @ IND,0,Dome,2.45,3.0,13.7,187.76,Med-High,-7.0,11.25,53.12,53.0,12.883073141668241,36.0,70.0,0.413,0.587,0.1,0.065
18,2025-12-25,DAL @ WAS,12,Historical Avg,3.22,4.0,13.11,171.79,Medium,-7.0,12.0,53.54,53.0,13.853686463487929,36.0,71.0,0.408,0.592,0.097,0.082
18,2025-12-25,DET @ MIN,0,Dome,3.95,5.0,13.3,176.82,Medium,-6.0,13.0,47.31,47.0,12.635611963402868,31.0,64.0,0.392,0.607,0.089,0.082
18,2025-12-25,DEN @ KC,10,Historical Avg,1.9,3.0,12.93,167.3,Med-Low,-7.0,11.0,39.26,38.0,11.979494283286055,25.0,55.0,0.45,0.549,0.111,0.09
19,2025-12-27,HOU @ LAC,0,Dome,0.13,1.0,13.71,187.86,Med-High,-10.0,10.0,42.28,42.0,11.78634077348983,27.900000000000006,57.0,0.492,0.508,0.123,0.058
19,2025-12-27,BAL @ GB,15,Historical Avg,-1.96,-3.0,13.6,185.05,Med-High,-11.0,8.0,48.15,47.0,13.195283494738053,32.0,65.0,0.549,0.45,0.096,0.091
19,2025-12-28,SEA @ CAR,8,Historical Avg,10.23,10.0,12.42,154.25,Low,3.0,18.0,41.37,41.0,12.248708906242726,27.0,57.0,0.195,0.805,0.074,0.082
19,2025-12-28,ARI @ CIN,12,Historical Avg,0.3,1.0,13.13,172.37,Medium,-9.0,10.0,46.7,46.0,12.586342400197726,30.0,63.0,0.483,0.516,0.106,0.089
19,2025-12-28,PIT @ CLE,10,Historical Avg,10.4,11.0,12.96,167.94,Med-Low,3.0,19.0,39.12,38.0,12.083743453742132,24.0,55.0,0.215,0.784,0.066,0.069
19,2025-12-28,JAX @ IND,0,Dome,0.83,2.5,13.57,184.02,Med-High,-9.0,10.0,49.32,49.0,12.867919737018815,33.0,66.0,0.464,0.536,0.085,0.088
19,2025-12-28,TB @ MIA,10,Historical Avg,-0.21,-1.0,14.19,201.26,High,-10.0,10.0,46.39,46.0,12.130803245761898,31.0,62.0,0.504,0.495,0.081,0.088
19,2025-12-28,NE @ NYJ,15,Historical Avg,12.58,13.0,12.26,150.21,Low,6.0,21.0,40.3,40.0,11.377127186729656,26.0,56.0,0.163,0.837,0.06,0.071
19,2025-12-28,NO @ TEN,10,Historical Avg,2.46,3.0,13.54,183.38,Med-High,-7.0,12.0,40.54,40.0,11.687628701523021,26.0,56.0,0.421,0.578,0.101,0.093
19,2025-12-28,NYG @ LV,0,Dome,1.58,3.0,13.0,169.04,Med-Low,-7.25,11.0,36.95,36.0,11.138799929250181,23.0,52.0,0.45,0.549,0.081,0.095
19,2025-12-28,PHI @ BUF,10,Historical Avg,-4.53,-5.0,13.38,179.16,Medium,-14.0,5.0,45.88,46.0,12.592873041980987,29.0,62.0,0.624,0.374,0.097,0.082
19,2025-12-28,CHI @ SF,8,Historical Avg,-7.61,-8.0,13.1,171.5,Medium,-17.0,2.0,47.89,48.0,12.53177486956183,32.0,64.0,0.713,0.287,0.08,0.078
19,2025-12-29,LA @ ATL,0,Dome,5.31,6.0,13.07,170.92,Medium,-4.0,14.0,49.59,49.0,13.465408171207335,33.0,68.0,0.335,0.665,0.093,0.087
20,2026-01-03,CAR @ TB,10,Historical Avg,-3.78,-4.0,13.26,175.84,Medium,-13.0,5.0,43.12,43.0,12.466754347622478,27.0,59.0,0.621,0.377,0.097,0.086
20,2026-01-03,SEA @ SF,8,Historical Avg,2.85,3.0,13.52,182.84,Med-High,-7.0,11.0,48.92,48.0,13.422273780303897,33.0,66.0,0.416,0.584,0.099,0.106
20,2026-01-04,NO @ ATL,0,Dome,-5.73,-7.0,12.66,160.29,Med-Low,-14.0,3.0,43.57,43.0,12.599698266085438,28.0,60.0,0.686,0.312,0.1,0.073
20,2026-01-04,CLE @ CIN,12,Historical Avg,-9.13,-10.0,13.29,176.61,Medium,-18.0,0.25,42.17,42.0,11.942545809014108,26.900000000000006,58.0,0.747,0.25,0.056,0.07
20,2026-01-04,IND @ HOU,0,Dome,4.9,6.0,13.51,182.53,Med-High,-6.0,14.0,47.47,47.0,12.414713089761726,32.0,64.0,0.365,0.634,0.086,0.08
20,2026-01-04,TEN @ JAX,10,Historical Avg,-10.94,-12.0,13.44,180.61,Med-High,-20.0,-3.0,42.94,42.0,12.652854647498751,27.0,60.0,0.792,0.207,0.073,0.077
20,2026-01-04,GB @ MIN,0,Dome,6.32,7.0,12.56,157.79,Low,-3.0,14.0,42.56,43.0,12.561850145543016,26.0,59.0,0.302,0.697,0.094,0.083
20,2026-01-04,DAL @ NYG,15,Historical Avg,6.52,7.0,13.5,182.29,Med-High,-3.0,16.0,50.62,50.0,12.83935980336092,35.0,67.0,0.306,0.693,0.076,0.077
20,2026-01-04,NYJ @ BUF,10,Historical Avg,-11.94,-13.0,12.38,153.38,Low,-20.0,-5.75,42.16,42.0,11.94131462591096,26.0,58.0,0.833,0.167,0.057,0.073
20,2026-01-04,DET @ CHI,18,Historical Avg,5.4,6.0,13.71,188.02,Med-High,-5.0,14.0,48.39,48.0,13.06187247344394,32.0,66.0,0.358,0.642,0.081,0.081
20,2026-01-04,LAC @ DEN,12,Historical Avg,-4.28,-4.0,13.16,173.12,Medium,-14.0,5.0,41.8,42.0,12.41468144236151,25.900000000000006,58.0,0.619,0.38,0.092,0.081
20,2026-01-04,ARI @ LA,0,Dome,-8.76,-9.0,13.0,169.0,Med-Low,-17.0,-1.0,48.15,47.0,12.291479629054896,33.0,65.0,0.755,0.244,0.08,0.088
20,2026-01-04,KC @ LV,0,Dome,5.76,7.0,12.24,149.83,Low,-3.0,14.0,36.34,36.0,11.33772000425548,22.0,51.0,0.31,0.687,0.087,0.072
20,2026-01-04,MIA @ NE,15,Historical Avg,-4.77,-6.0,13.83,191.33,Med-High,-14.0,6.0,44.29,44.0,12.555504637277497,29.0,61.0,0.637,0.363,0.077,0.07
20,2026-01-04,WAS @ PHI,15,Historical Avg,-3.2,-4.0,13.63,185.75,Med-High,-13.0,7.0,44.16,44.0,12.92667222663493,27.0,61.0,0.596,0.404,0.096,0.096
20,2026-01-04,BAL @ PIT,12,Historical Avg,2.74,3.5,13.2,174.26,Medium,-7.0,13.0,46.35,46.0,12.603699625278454,30.0,62.10000000000002,0.42,0.579,0.089,0.087
