game_id,season,game_type,week,away_team,away_score,home_team,home_score,result,total,overtime,gsis,ftn,away_rest,home_rest,away_moneyline,home_moneyline,spread_line,away_spread_odds,home_spread_odds,total_line,under_odds,over_odds,away_coach,home_coach,home_rest_adv,away_rest_adv,home_cum_rest_adv,away_cum_rest_adv,my_projected_spread,home_moneyline_decimal,away_moneyline_decimal,winner,spread_margin,spread_winner,Upset,home_Def_1st_Down_EPA_Adj,home_Def_3rd_Down_EPA_Adj,home_Def_Overall_EPA_Adj,home_Def_Pass_EPA_Adj,home_Def_Pass_BehindLoS_EPA_Adj,home_Def_Pass_Deep_EPA_Adj,home_Def_Pass_Intermediate_EPA_Adj,home_Def_Pass_Short_EPA_Adj,home_Def_Play_Action_EPA_Adj,home_Def_Quick_Game_Proxy_EPA_Adj,home_Def_RPO_EPA_Adj,home_Def_Redzone_EPA_Adj,home_Def_Run_EPA_Adj,home_Def_Target_RB_EPA_Adj,home_Def_Target_TE_EPA_Adj,home_Def_Target_WR_EPA_Adj,home_Off_1st_Down_EPA_Adj,home_Off_3rd_Down_EPA_Adj,home_Off_Overall_EPA_Adj,home_Off_Pass_EPA_Adj,home_Off_Pass_BehindLoS_EPA_Adj,home_Off_Pass_Deep_EPA_Adj,home_Off_Pass_Intermediate_EPA_Adj,home_Off_Pass_Short_EPA_Adj,home_Off_Play_Action_EPA_Adj,home_Off_Quick_Game_Proxy_EPA_Adj,home_Off_RPO_EPA_Adj,home_Off_Redzone_EPA_Adj,home_Off_Run_EPA_Adj,home_Off_Scramble_EPA_Adj,home_Off_Target_RB_EPA_Adj,home_Off_Target_TE_EPA_Adj,home_Off_Target_WR_EPA_Adj,home_Def_1st_Down_EPA_Pct,home_Def_3rd_Down_EPA_Pct,home_Def_Overall_EPA_Pct,home_Def_Pass_EPA_Pct,home_Def_Pass_BehindLoS_EPA_Pct,home_Def_Pass_Deep_EPA_Pct,home_Def_Pass_Intermediate_EPA_Pct,home_Def_Pass_Short_EPA_Pct,home_Def_Play_Action_EPA_Pct,home_Def_Quick_Game_Proxy_EPA_Pct,home_Def_RPO_EPA_Pct,home_Def_Redzone_EPA_Pct,home_Def_Run_EPA_Pct,home_Def_Target_RB_EPA_Pct,home_Def_Target_TE_EPA_Pct,home_Def_Target_WR_EPA_Pct,home_Off_1st_Down_EPA_Pct,home_Off_3rd_Down_EPA_Pct,home_Off_Overall_EPA_Pct,home_Off_Pass_EPA_Pct,home_Off_Pass_BehindLoS_EPA_Pct,home_Off_Pass_Deep_EPA_Pct,home_Off_Pass_Intermediate_EPA_Pct,home_Off_Pass_Short_EPA_Pct,home_Off_Play_Action_EPA_Pct,home_Off_Quick_Game_Proxy_EPA_Pct,home_Off_RPO_EPA_Pct,home_Off_Redzone_EPA_Pct,home_Off_Run_EPA_Pct,home_Off_Scramble_EPA_Pct,home_Off_Target_RB_EPA_Pct,home_Off_Target_TE_EPA_Pct,home_Off_Target_WR_EPA_Pct,home_Def_1st_Down_SR_Adj,home_Def_3rd_Down_SR_Adj,home_Def_Overall_SR_Adj,home_Def_Pass_SR_Adj,home_Def_Pass_BehindLoS_SR_Adj,home_Def_Pass_Deep_SR_Adj,home_Def_Pass_Intermediate_SR_Adj,home_Def_Pass_Short_SR_Adj,home_Def_Play_Action_SR_Adj,home_Def_Quick_Game_Proxy_SR_Adj,home_Def_RPO_SR_Adj,home_Def_Redzone_SR_Adj,home_Def_Run_SR_Adj,home_Def_Target_RB_SR_Adj,home_Def_Target_TE_SR_Adj,home_Def_Target_WR_SR_Adj,home_Off_1st_Down_SR_Adj,home_Off_3rd_Down_SR_Adj,home_Off_Overall_SR_Adj,home_Off_Pass_SR_Adj,home_Off_Pass_BehindLoS_SR_Adj,home_Off_Pass_Deep_SR_Adj,home_Off_Pass_Intermediate_SR_Adj,home_Off_Pass_Short_SR_Adj,home_Off_Play_Action_SR_Adj,home_Off_Quick_Game_Proxy_SR_Adj,home_Off_RPO_SR_Adj,home_Off_Redzone_SR_Adj,home_Off_Run_SR_Adj,home_Off_Scramble_SR_Adj,home_Off_Target_RB_SR_Adj,home_Off_Target_TE_SR_Adj,home_Off_Target_WR_SR_Adj,home_Def_1st_Down_SR_Pct,home_Def_3rd_Down_SR_Pct,home_Def_Overall_SR_Pct,home_Def_Pass_SR_Pct,home_Def_Pass_BehindLoS_SR_Pct,home_Def_Pass_Deep_SR_Pct,home_Def_Pass_Intermediate_SR_Pct,home_Def_Pass_Short_SR_Pct,home_Def_Play_Action_SR_Pct,home_Def_Quick_Game_Proxy_SR_Pct,home_Def_RPO_SR_Pct,home_Def_Redzone_SR_Pct,home_Def_Run_SR_Pct,home_Def_Target_RB_SR_Pct,home_Def_Target_TE_SR_Pct,home_Def_Target_WR_SR_Pct,home_Off_1st_Down_SR_Pct,home_Off_3rd_Down_SR_Pct,home_Off_Overall_SR_Pct,home_Off_Pass_SR_Pct,home_Off_Pass_BehindLoS_SR_Pct,home_Off_Pass_Deep_SR_Pct,home_Off_Pass_Intermediate_SR_Pct,home_Off_Pass_Short_SR_Pct,home_Off_Play_Action_SR_Pct,home_Off_Quick_Game_Proxy_SR_Pct,home_Off_RPO_SR_Pct,home_Off_Redzone_SR_Pct,home_Off_Run_SR_Pct,home_Off_Scramble_SR_Pct,home_Off_Target_RB_SR_Pct,home_Off_Target_TE_SR_Pct,home_Off_Target_WR_SR_Pct,away_Def_1st_Down_EPA_Adj,away_Def_3rd_Down_EPA_Adj,away_Def_Overall_EPA_Adj,away_Def_Pass_EPA_Adj,away_Def_Pass_BehindLoS_EPA_Adj,away_Def_Pass_Deep_EPA_Adj,away_Def_Pass_Intermediate_EPA_Adj,away_Def_Pass_Short_EPA_Adj,away_Def_Play_Action_EPA_Adj,away_Def_Quick_Game_Proxy_EPA_Adj,away_Def_RPO_EPA_Adj,away_Def_Redzone_EPA_Adj,away_Def_Run_EPA_Adj,away_Def_Target_RB_EPA_Adj,away_Def_Target_TE_EPA_Adj,away_Def_Target_WR_EPA_Adj,away_Off_1st_Down_EPA_Adj,away_Off_3rd_Down_EPA_Adj,away_Off_Overall_EPA_Adj,away_Off_Pass_EPA_Adj,away_Off_Pass_BehindLoS_EPA_Adj,away_Off_Pass_Deep_EPA_Adj,away_Off_Pass_Intermediate_EPA_Adj,away_Off_Pass_Short_EPA_Adj,away_Off_Play_Action_EPA_Adj,away_Off_Quick_Game_Proxy_EPA_Adj,away_Off_RPO_EPA_Adj,away_Off_Redzone_EPA_Adj,away_Off_Run_EPA_Adj,away_Off_Scramble_EPA_Adj,away_Off_Target_RB_EPA_Adj,away_Off_Target_TE_EPA_Adj,away_Off_Target_WR_EPA_Adj,away_Def_1st_Down_EPA_Pct,away_Def_3rd_Down_EPA_Pct,away_Def_Overall_EPA_Pct,away_Def_Pass_EPA_Pct,away_Def_Pass_BehindLoS_EPA_Pct,away_Def_Pass_Deep_EPA_Pct,away_Def_Pass_Intermediate_EPA_Pct,away_Def_Pass_Short_EPA_Pct,away_Def_Play_Action_EPA_Pct,away_Def_Quick_Game_Proxy_EPA_Pct,away_Def_RPO_EPA_Pct,away_Def_Redzone_EPA_Pct,away_Def_Run_EPA_Pct,away_Def_Target_RB_EPA_Pct,away_Def_Target_TE_EPA_Pct,away_Def_Target_WR_EPA_Pct,away_Off_1st_Down_EPA_Pct,away_Off_3rd_Down_EPA_Pct,away_Off_Overall_EPA_Pct,away_Off_Pass_EPA_Pct,away_Off_Pass_BehindLoS_EPA_Pct,away_Off_Pass_Deep_EPA_Pct,away_Off_Pass_Intermediate_EPA_Pct,away_Off_Pass_Short_EPA_Pct,away_Off_Play_Action_EPA_Pct,away_Off_Quick_Game_Proxy_EPA_Pct,away_Off_RPO_EPA_Pct,away_Off_Redzone_EPA_Pct,away_Off_Run_EPA_Pct,away_Off_Scramble_EPA_Pct,away_Off_Target_RB_EPA_Pct,away_Off_Target_TE_EPA_Pct,away_Off_Target_WR_EPA_Pct,away_Def_1st_Down_SR_Adj,away_Def_3rd_Down_SR_Adj,away_Def_Overall_SR_Adj,away_Def_Pass_SR_Adj,away_Def_Pass_BehindLoS_SR_Adj,away_Def_Pass_Deep_SR_Adj,away_Def_Pass_Intermediate_SR_Adj,away_Def_Pass_Short_SR_Adj,away_Def_Play_Action_SR_Adj,away_Def_Quick_Game_Proxy_SR_Adj,away_Def_RPO_SR_Adj,away_Def_Redzone_SR_Adj,away_Def_Run_SR_Adj,away_Def_Target_RB_SR_Adj,away_Def_Target_TE_SR_Adj,away_Def_Target_WR_SR_Adj,away_Off_1st_Down_SR_Adj,away_Off_3rd_Down_SR_Adj,away_Off_Overall_SR_Adj,away_Off_Pass_SR_Adj,away_Off_Pass_BehindLoS_SR_Adj,away_Off_Pass_Deep_SR_Adj,away_Off_Pass_Intermediate_SR_Adj,away_Off_Pass_Short_SR_Adj,away_Off_Play_Action_SR_Adj,away_Off_Quick_Game_Proxy_SR_Adj,away_Off_RPO_SR_Adj,away_Off_Redzone_SR_Adj,away_Off_Run_SR_Adj,away_Off_Scramble_SR_Adj,away_Off_Target_RB_SR_Adj,away_Off_Target_TE_SR_Adj,away_Off_Target_WR_SR_Adj,away_Def_1st_Down_SR_Pct,away_Def_3rd_Down_SR_Pct,away_Def_Overall_SR_Pct,away_Def_Pass_SR_Pct,away_Def_Pass_BehindLoS_SR_Pct,away_Def_Pass_Deep_SR_Pct,away_Def_Pass_Intermediate_SR_Pct,away_Def_Pass_Short_SR_Pct,away_Def_Play_Action_SR_Pct,away_Def_Quick_Game_Proxy_SR_Pct,away_Def_RPO_SR_Pct,away_Def_Redzone_SR_Pct,away_Def_Run_SR_Pct,away_Def_Target_RB_SR_Pct,away_Def_Target_TE_SR_Pct,away_Def_Target_WR_SR_Pct,away_Off_1st_Down_SR_Pct,away_Off_3rd_Down_SR_Pct,away_Off_Overall_SR_Pct,away_Off_Pass_SR_Pct,away_Off_Pass_BehindLoS_SR_Pct,away_Off_Pass_Deep_SR_Pct,away_Off_Pass_Intermediate_SR_Pct,away_Off_Pass_Short_SR_Pct,away_Off_Play_Action_SR_Pct,away_Off_Quick_Game_Proxy_SR_Pct,away_Off_RPO_SR_Pct,away_Off_Redzone_SR_Pct,away_Off_Run_SR_Pct,away_Off_Scramble_SR_Pct,away_Off_Target_RB_SR_Pct,away_Off_Target_TE_SR_Pct,away_Off_Target_WR_SR_Pct
2025_18_CAR_TB,2025,REG,18,CAR,,TB,,,,,,7005,6,6,120,-142,2.5,-102,-118,44.5,-112,-108,Dave Canales,Todd Bowles,0.0,0.0,2.0,-5.0,2.6884999999999994,1.7,2.2,TIE,,PUSH,False,0.0265536954536408,0.1576000704481298,0.0535445553020265,0.0805757376240222,0.1885657755462016,0.0089709968894433,0.1252282382102322,0.0390767983055056,0.1540860741999917,0.0028403068522745,0.1241302887928793,0.0374557559078138,0.005005018172222,0.2157167572772547,0.1470647171186782,-0.0376746719186182,0.0481864391161592,0.1445751100009527,0.0385760012919522,0.0124535512821287,0.1306092587715417,-0.0420457764398638,-0.1243257919005607,-0.0076719815054029,0.1908341085996513,0.030285265207097,0.0903700619725889,0.1716547400489214,0.0703665645435076,,-0.0142111010875305,-0.1977421197809135,-0.023362951507794,40.625,21.875,31.25,28.125,12.5,55.172413793103445,31.25,40.625,15.625,50.0,13.636363636363637,40.625,50.0,9.375,21.875,71.875,65.625,81.25,59.375,53.125,81.25,42.30769230769231,21.875,37.5,87.5,59.375,86.66666666666667,90.625,78.125,,43.75,9.375,43.75,0.4483112756548752,0.4779405595659639,0.4541762117005218,0.4754099693972494,0.5337756138307473,0.3757955184238697,0.4681864949044473,0.4815347682859902,0.4426504397272868,0.4782152499453546,0.3779032099632925,0.4660207385016343,0.4193842164375976,0.5195447159556102,0.5054822304066597,0.4367864545484887,0.4497231246189302,0.4895119975453327,0.4450535167594336,0.4371895889781285,0.4684457782096549,0.3932888940400653,0.4341779344585178,0.4402892271389885,0.4590003991158572,0.4467678388550543,0.4557962839697377,0.4531718618872274,0.4540909084045327,,0.4084420900173271,0.3874566882176163,0.435374154705471,46.875,28.125,46.875,18.75,12.5,89.6551724137931,25.0,18.75,53.125,21.875,90.90909090909092,34.375,81.25,12.5,15.625,59.375,53.125,87.5,50.0,40.625,65.625,30.76923076923077,46.875,46.875,65.625,56.25,73.33333333333334,56.25,65.625,,34.375,12.5,50.0,0.0181249973426614,0.2825983089209737,0.0699545991163757,0.0457747930800327,-0.1384604655742088,-0.0963352099080557,0.1242073241096946,0.1454704690738154,-0.1777253309707071,0.1086164043217827,-0.0909097367407831,0.039055398406201,0.1006727152433492,0.0258070445325011,0.2425884920217467,0.0055103176228765,-0.0409493766456948,-0.1503690975190257,-0.0564218009028688,-0.1090475843239832,-0.0458967907452601,,-0.2061491483476594,-0.1719686963133059,-0.1256772019224358,-0.1633628619760794,0.0078550445793299,-0.1213563591691745,0.0066677195277908,,-0.1362670350603915,-0.1680785624184311,-0.0653076511083261,50.0,6.25,25.0,50.0,84.375,75.86206896551724,34.375,12.5,96.875,25.0,81.81818181818183,37.5,12.5,50.0,6.25,53.125,25.0,21.875,21.875,18.75,31.25,,12.5,6.25,21.875,9.375,53.333333333333336,18.75,40.625,,15.625,12.5,25.0,0.4154884345190622,0.505234354003671,0.4508203085698377,0.4429116228674888,0.401460062950033,0.3909148524929116,0.4443678634144081,0.4591437195915601,0.3608604863931698,0.4528352980603431,0.3877701737311791,0.438641665219082,0.4622563246427032,0.4022936711300047,0.4708486435274475,0.4444746730653229,0.4456120242151732,0.3915673083705797,0.4123458519723754,0.3925430109632594,0.4366386083359455,,0.3430757344048181,0.3660383376885905,0.4777741978075967,0.3902715569566269,0.4504686709737041,0.4063250371139957,0.4366594583807047,,0.3601830083224386,0.4077505475957855,0.402018651817135,87.5,6.25,53.125,59.375,81.25,72.41379310344827,43.75,40.625,96.875,50.0,81.81818181818183,62.5,28.125,78.125,40.625,53.125,50.0,21.875,25.0,12.5,46.875,,6.25,6.25,75.0,12.5,60.0,21.875,46.875,,9.375,21.875,21.875
2025_18_SEA_SF,2025,REG,18,SEA,,SF,,,,,,7004,6,6,-120,100,-1.5,-110,-110,49.5,-108,-112,Mike Macdonald,Kyle Shanahan,0.0,0.0,9.0,8.0,-5.186499999999999,2.0,1.83,TIE,,PUSH,False,0.0184129202872966,0.0761793984784913,0.0812749397765988,0.107809996117206,0.1159637817561318,0.3590832003744142,-0.1101374763986203,0.0351339862996964,-0.0876514464885295,0.0841299221193285,0.1234768279448149,-0.0271364513836282,0.0394761152697379,0.0501152720578724,-0.0338587838978786,0.0945494281378877,0.0333240742248246,0.3857525791192601,0.1457510438594425,0.2271825542305796,0.1076844558284359,0.2405898021055661,0.1474115723700458,0.1696198229109979,0.0945541244534555,0.1513555947816315,,0.2394131143510783,0.0425433371839616,,0.2718528473410625,0.3006081317859094,0.0997273438094533,46.875,31.25,18.75,18.75,31.25,13.79310344827586,81.25,43.75,81.25,31.25,18.181818181818183,71.875,31.25,37.5,71.875,28.125,59.375,96.875,93.75,93.75,78.125,76.92307692307692,84.375,96.875,65.625,90.625,,100.0,65.625,,100.0,96.875,78.125,0.4710685665660354,0.4426865255525675,0.4791563771689682,0.4741920230519095,0.4960255585027285,0.4805090904434623,0.4022192899915912,0.4696544232896271,0.4417918367616862,0.4828619184964314,0.5641480093599629,0.4821663688609142,0.488447665048451,0.4882000840247506,0.3995229690307408,0.4799360969155347,0.4828732768480693,0.5420761411197779,0.4933577871473658,0.522270027945678,0.5022181265405145,0.5393731519416853,0.5248112643841905,0.4827246413080256,0.5303069034563976,0.4896399486834486,,0.4877899138833714,0.4562740650459328,,0.5539075095809659,0.53603688050052,0.4896418745958962,15.625,46.875,12.5,21.875,18.75,31.034482758620687,90.625,25.0,56.25,18.75,4.545454545454546,18.75,3.125,21.875,84.375,15.625,90.625,96.875,96.875,96.875,93.75,88.46153846153847,93.75,87.5,100.0,84.375,,87.5,68.75,,100.0,96.875,84.375,-0.0009990302032695,-0.3316141798010389,-0.1178145543824846,-0.0970395234034485,0.0536864211239055,-0.0685130488728799,-0.3287926144093475,0.0084760737929817,-0.0973842639594958,-0.0108612817171208,,-0.2376930414404476,-0.139994451370913,-0.1173556197486136,0.0122153064441098,-0.0792904757423261,0.0670117829641493,0.0018419556234573,0.0362936061168783,0.0582237923734321,-0.081287204038987,0.6612601008559716,-0.0631937107545109,0.0255432985528689,0.1734592120325968,0.0945342958815367,,0.0064147347917135,0.0076643243010974,,0.037289437397198,-0.0717103835898881,0.126825877025145,62.5,100.0,93.75,84.375,40.625,72.41379310344827,100.0,56.25,84.375,65.625,,100.0,100.0,81.25,46.875,78.125,75.0,43.75,56.25,78.125,18.75,100.0,34.375,43.75,81.25,78.125,,46.875,43.75,,62.5,25.0,81.25,0.4117769215830919,0.3596701718427665,0.3899110456081028,0.4033728621631169,0.4735601909696988,0.4403461203397729,0.3375881781521281,0.4037200090709547,0.4494466808640698,0.4356258177541461,,0.391599880851441,0.3717751559068644,0.4249671543303671,0.4120295410381566,0.3984144755397649,0.4583190262606105,0.4797941435599213,0.4604973586077067,0.4834115541890487,0.4146991869188818,0.5837755912823043,0.4563665754871859,0.477500495734479,0.4589955485349759,0.4623234205823395,,0.4252009530084497,0.4305615811476814,,0.4137185518488872,0.4650013775711401,0.5101487822237201,93.75,100.0,96.875,84.375,21.875,41.37931034482759,100.0,84.375,46.875,56.25,,90.625,100.0,62.5,68.75,90.625,62.5,78.125,71.875,87.5,28.125,100.0,50.0,84.375,62.5,71.875,,40.625,37.5,,37.5,68.75,90.625
2025_18_ARI_LA,2025,REG,18,ARI,,LA,,,,,,6997,7,6,380,-500,9.5,-110,-110,47.5,-110,-110,Jonathan Gannon,Sean McVay,-1.0,1.0,10.0,7.0,12.8645,1.2,4.8,TIE,,PUSH,False,-0.0498253840397329,-0.1300381119283837,-0.0439600721294198,-0.0620770138086313,0.0763359570216346,-0.1720500854356315,0.0139286851180392,-0.0850429372592051,0.0608297139014384,-0.0105835147288056,-0.2262046931791258,-0.0003060434452895,-0.0255658119545225,0.0634448505852682,-0.170753044052421,-0.0879426634519834,0.1592931388030232,0.1568435999748809,0.1880380661491272,0.2370475147670048,0.0242120754945815,0.4489985811728724,0.3688895399724823,0.0851972553044793,0.248298879818422,0.1193685139313089,,0.1254071615526137,0.0996956542450427,,0.0604521890603053,-0.0445426834115618,0.2577645276308623,84.375,93.75,84.375,81.25,34.375,86.20689655172413,50.0,87.5,31.25,62.5,95.45454545454548,56.25,84.375,31.25,90.625,81.25,96.875,84.375,100.0,96.875,59.375,88.46153846153847,100.0,78.125,96.875,81.25,,81.25,90.625,,75.0,28.125,96.875,0.4203893916196576,0.4125743413405408,0.4280975393727608,0.4338958937363997,0.4257418891934082,0.3938149750481642,0.4479008498845993,0.4394466526727537,0.4755175865503812,0.4343531578717816,0.3648301120348091,0.4506148692256307,0.4188361852334716,0.4550028042911313,0.4227612693215664,0.4243129811903181,0.5242677216459302,0.4845838760804833,0.5285060904169124,0.5262320439587853,0.4899040317500614,0.5459148297932587,0.5373156838704065,0.4965513902336462,0.5099829032533746,0.5457303093035955,,0.5262413349910297,0.5291969833673567,,0.4170920799427923,0.4642066967983289,0.5283756744499917,81.25,78.125,78.125,71.875,50.0,68.9655172413793,40.625,62.5,28.125,59.375,95.45454545454548,50.0,84.375,37.5,62.5,78.125,100.0,81.25,100.0,100.0,90.625,92.3076923076923,100.0,93.75,87.5,100.0,,100.0,100.0,,43.75,65.625,96.875,0.0988278061667533,-0.1030814044597337,0.0554686208552572,0.0579854280598164,0.285019671666945,,-0.036401213719458,0.0140441035666402,-0.072270039097875,0.0792202455132626,,0.0252110750650841,0.0510020535834871,0.0204508511430413,0.1518909492103868,0.0048917580042919,-0.0651759556432267,0.0692305189054446,-0.0235602184398945,-0.0334841729560216,0.0846978587346359,-0.3227937099335621,0.052676374437595,0.0451606373120258,-0.1165299074958498,0.1350674723578428,,0.0558621454139751,-0.0148542322319966,,0.0138595134429795,0.0452664120592182,-0.0043662590812225,15.625,81.25,28.125,40.625,6.25,,62.5,53.125,75.0,34.375,,46.875,28.125,59.375,15.625,56.25,15.625,56.25,31.25,28.125,68.75,7.6923076923076925,56.25,65.625,25.0,84.375,,62.5,28.125,,53.125,65.625,56.25,0.4784311588029824,0.4313150339637242,0.4634257516038965,0.4691886157572865,0.5659513418120985,,0.4169603039988775,0.4448390530347033,0.4389336121897267,0.4774457080006491,,0.4611347599906285,0.4558113523207531,0.4759975230985456,0.5077901470510192,0.4473242055662726,0.4161303414888002,0.4501163349639595,0.4325135534742983,0.4376206069543798,0.4778833723219341,0.4012465296562546,0.4655636042537685,0.4358891890350496,0.4082046433494421,0.472525330683326,,0.4247139457670857,0.4193684381933071,,0.4442506379183387,0.4765916242909371,0.426991077799795,12.5,59.375,21.875,28.125,6.25,,75.0,56.25,59.375,25.0,,43.75,34.375,25.0,12.5,46.875,25.0,56.25,37.5,43.75,81.25,38.46153846153846,65.625,40.625,25.0,81.25,,34.375,28.125,,59.375,87.5,40.625
2025_18_BAL_PIT,2025,REG,18,BAL,,PIT,,,,,,7003,8,7,-175,145,-3.5,-105,-115,40.5,-105,-115,John Harbaugh,Mike Tomlin,-1.0,1.0,-5.0,6.0,-1.3315000000000001,2.45,1.57,TIE,,PUSH,False,-0.0563508616233079,0.0419569743395121,-0.0049049507391453,-0.0082608814533594,-0.0273410041229399,0.2603925127007152,0.13665155221022,-0.0583828903099187,-0.3016157242418973,-0.0700775402509152,,-0.0378222905828234,-0.0113333912958497,-0.0474217975316693,-0.0397721576214181,-0.0199240258617048,0.0081460686837734,0.1160225446217513,0.0292241611431465,-0.0001873923981922,0.137672602640546,-0.2698459794327425,0.0777804018539259,0.0420694147336061,-0.3491179769116838,0.0861907793359323,0.0785864526444896,0.0709065831037642,0.068972435303154,,0.1093091517927125,0.0029955530823853,-0.0324998876550412,90.625,43.75,68.75,62.5,68.75,27.58620689655172,18.75,78.125,100.0,81.25,,75.0,71.875,68.75,75.0,65.625,50.0,71.875,46.875,31.25,84.375,15.384615384615383,71.875,59.375,6.25,71.875,80.0,68.75,75.0,,81.25,50.0,34.375,0.4311772669318479,0.4409622641955642,0.4308828052041445,0.440742316972368,0.3953957900361993,0.5055511789615826,0.4577944946113537,0.4241139067963497,0.3516233957433827,0.4083739964232517,,0.3891213908426594,0.4126391210108992,0.4290416287129628,0.4060302777316339,0.4407599144373154,0.4339370094670315,0.4483939055244519,0.438140658739997,0.4214436787890059,0.4451564970525121,0.3601634800805762,0.3821734390300821,0.4392169679052639,0.3412917981069696,0.4577974340910747,0.4570852414791197,0.462810399314215,0.4610353549278314,,0.4514998694662958,0.4323217977882236,0.3989956181707847,59.375,50.0,71.875,65.625,84.375,20.689655172413794,34.375,65.625,100.0,81.25,,96.875,87.5,59.375,71.875,56.25,37.5,53.125,40.625,28.125,56.25,19.23076923076923,18.75,43.75,6.25,62.5,80.0,68.75,71.875,,65.625,37.5,18.75,0.1198261346431464,0.0384393365193558,0.0322406828121758,0.0685430878987155,0.0512364408204464,0.3664461208941038,-0.0380165331666817,-0.048009235539535,0.1383909630793595,0.0026083262586426,-0.0610077846688381,-0.1164290039790769,-0.0288249127332381,0.1239172482977499,-0.0068114329751544,0.0695079914809439,0.1016853628047358,0.1245752970320516,0.0844628019280374,0.0351332946640842,0.0076070737695046,,0.0621212334563562,0.0448570088766328,0.1400543615927073,-0.0094422418499505,,-0.0898606421642678,0.1366643357219189,,-0.1088771702908722,-0.0024602240705001,0.1669525631387235,12.5,46.875,46.875,34.375,43.75,10.344827586206897,65.625,71.875,21.875,53.125,72.72727272727273,90.625,87.5,21.875,56.25,34.375,93.75,78.125,81.25,62.5,53.125,,59.375,62.5,78.125,37.5,,25.0,96.875,,25.0,43.75,87.5,0.4595817820145091,0.4215945526200017,0.4344565395974988,0.4418354013241368,0.3694789023945376,0.5382332207732703,0.407046231860117,0.4397775243344529,0.4620521450431463,0.4089577485397726,0.4386726861552127,0.3495470130652847,0.4216135975259991,0.4244446335067494,0.4668551171830818,0.4315966078126394,0.4876277447446487,0.4883388222088282,0.4765609851673343,0.4741116943859174,0.4061919269939615,,0.4902763438145337,0.4882012498002601,0.5123180127886984,0.4628415900286751,,0.4144529124720774,0.4798218509887745,,0.4623055443852312,0.4671134685859115,0.4806963146896171,28.125,68.75,68.75,62.5,93.75,6.896551724137931,87.5,59.375,34.375,78.125,50.00000000000001,100.0,75.0,68.75,43.75,62.5,96.875,84.375,84.375,78.125,25.0,,78.125,90.625,90.625,75.0,,28.125,87.5,,68.75,71.875,78.125
2025_18_CLE_CIN,2025,REG,18,CLE,,CIN,,,,,,6993,7,7,285,-360,7.0,-105,-115,44.5,-110,-110,Kevin Stefanski,Zac Taylor,0.0,0.0,3.0,-7.0,5.316000000000001,1.28,3.85,TIE,,PUSH,False,0.1226158770331442,0.0232014347349482,0.1223128528273748,0.1641449020052319,0.357559717897795,0.3139845691590556,0.0378057577137502,0.084027959605195,0.1276452249894835,0.2953119551381457,0.1923716750730298,0.0753550380506229,0.0762301678758751,0.2985031571859871,0.1501052242245656,0.0464079403842174,0.0291880182155164,0.169639009445867,0.0362225124603726,0.0111525566646708,-0.2485631647768501,-0.0967359304892761,0.0961318056813288,0.050823450424807,0.0232802956363033,-0.0300884839164669,-0.0329939112584712,0.2103581106921561,0.0813005899524547,,-0.117349953157052,0.0022292222751282,0.0143666618958729,6.25,53.125,12.5,12.5,3.125,17.241379310344826,40.625,28.125,25.0,3.125,4.545454545454546,25.0,21.875,3.125,18.75,43.75,56.25,87.5,53.125,50.0,6.25,38.46153846153846,78.125,71.875,50.0,28.125,33.333333333333336,96.875,87.5,,21.875,46.875,65.625,0.4576645968724363,0.4889575742098672,0.484007981763229,0.4984517230176131,0.6399597998299341,0.4592885755853592,0.4342527514499285,0.4607363807939589,0.4739639934501467,0.5488660962620611,0.4908673350079975,0.4709264287535386,0.4674163520551973,0.5733919118729468,0.4542989963022726,0.4760976507545311,0.4641450463241472,0.4980426656221375,0.4631214394982255,0.4567241934008088,0.4322634316323063,0.3538121156200511,0.4857046067759155,0.4599983153582339,0.4487276944683297,0.4614453011945271,0.4109773283439262,0.5035873146113129,0.4728593399127492,,0.4739170243971281,0.4430211822285953,0.4511172874342467,31.25,21.875,6.25,3.125,3.125,34.48275862068965,62.5,37.5,31.25,3.125,18.181818181818183,31.25,21.875,3.125,46.875,25.0,75.0,93.75,75.0,71.875,40.625,11.538461538461538,75.0,68.75,56.25,68.75,33.333333333333336,93.75,84.375,,75.0,43.75,68.75,-0.0315149537477324,-0.0507906215579241,-0.0615028825108592,-0.1068053724258298,-0.0030113051710979,-0.1938831730764634,0.0154326589683013,-0.1161603072136334,-0.0060968983502523,-0.0681572833943207,0.0958594799809052,0.0129721902472275,-0.00418787834694,-0.1438448631924724,-0.0307195722287797,-0.1240521548248615,-0.1875595413642627,-0.2522277540365411,-0.2173493934765289,-0.3108226045025034,-0.0948194054623867,-0.6650176189582042,-0.2186051296046938,-0.3405688264819329,-0.3492195439494141,-0.1819255557401136,,-0.0321534522158848,-0.0914251629799841,,-0.1701457728197505,-0.2844425541019922,-0.3847650601855658,78.125,65.625,87.5,90.625,59.375,89.6551724137931,46.875,93.75,56.25,78.125,27.272727272727273,50.0,65.625,87.5,68.75,87.5,3.125,9.375,3.125,3.125,15.625,3.8461538461538463,9.375,3.125,3.125,6.25,,37.5,9.375,,6.25,6.25,3.125,0.4255473807023348,0.4037003579777286,0.3990639292574466,0.4007795673125522,0.4447529350349267,0.3507983443643567,0.4431303649055961,0.4094669833097162,0.4280697517844027,0.4389339443165446,0.4174945711548979,0.4095589004281499,0.3962901606985785,0.3880920530313343,0.4268213542536584,0.4125410943172924,0.3474882758971137,0.3626309109507886,0.3450582392084006,0.3271252085936786,0.3671536407191316,0.3363978544814509,0.3874910546872078,0.2892975743628329,0.3218783627851897,0.3379787418483957,,0.4077759550654067,0.3694306359573731,,0.3610956904037152,0.3244948910071857,0.3141117128870481,75.0,84.375,87.5,87.5,43.75,96.55172413793105,50.0,78.125,71.875,53.125,68.18181818181819,78.125,96.875,84.375,59.375,81.25,3.125,3.125,3.125,3.125,9.375,3.8461538461538463,21.875,3.125,3.125,3.125,,25.0,3.125,,12.5,3.125,3.125
2025_18_DAL_NYG,2025,REG,18,DAL,,NYG,,,,,,7001,10,7,-245,200,-5.5,-108,-112,52.5,-110,-110,Brian Schottenheimer,Brian Daboll,-3.0,3.0,4.0,5.0,-6.0275,3.0,1.41,TIE,,PUSH,False,0.0617265059716473,0.072902150750894,0.0732438361340048,0.0007251753263011,0.001602015341405,0.2657192509395993,0.0357615940732131,-0.0695874811525281,0.1444562255528978,0.0175983684216426,0.1490744954761163,0.0587680830649969,0.1673696826432137,-0.0658086806595586,-0.0684804650859844,0.0445987716734331,0.0167795255183481,0.0798096067586455,-0.0307564919837352,-0.0633571415171505,0.0032412392963175,0.1049063202297456,0.0104684019958,-0.12926330895482,-0.1364235844145514,-0.0500114562153986,-0.0631355027463733,-0.3089595225625174,0.0043956949418224,,0.0206613921576796,0.1283388639966434,-0.1385043158945229,28.125,34.375,21.875,56.25,56.25,24.13793103448276,43.75,81.25,18.75,46.875,9.090909090909092,34.375,3.125,75.0,81.25,46.875,53.125,62.5,28.125,25.0,50.0,61.53846153846154,50.0,12.5,18.75,21.875,26.666666666666668,3.125,37.5,,56.25,75.0,12.5,0.4438244327929623,0.4523944452018576,0.4631389582899681,0.4463741300638048,0.459924472695672,0.512737627560817,0.4840569668170417,0.4066279602711193,0.4873408951260167,0.4251923753723541,0.4865534821192489,0.4603427713359782,0.4850654741105051,0.4075469097535952,0.4023773210935517,0.4662520991356357,0.4105140443627118,0.4178510691885538,0.4046815767574325,0.3947531713429948,0.4162896239217268,0.4471162935259182,0.3916016175071328,0.3872684033243306,0.3725652885687288,0.4108819439170026,0.4072833187362898,0.332248198784156,0.4148461153873553,,0.4069078345381299,0.4185441618614862,0.3820874368697371,50.0,43.75,25.0,53.125,34.375,17.241379310344826,12.5,81.25,15.625,68.75,22.72727272727273,46.875,9.375,75.0,78.125,34.375,18.75,31.25,15.625,15.625,31.25,65.38461538461539,25.0,9.375,15.625,21.875,20.0,3.125,21.875,,31.25,34.375,9.375,0.122561240097847,0.3185948952707351,0.1918712532976406,0.2403785073384477,0.1215391679839031,0.6547895952593575,0.2240976666064247,0.1693301795488185,0.2749798083363562,0.1897664601431291,0.0694782295418334,0.2551432848750118,0.1214011499803185,0.1790398450502835,0.1166114136252819,0.3202752500850323,0.0507249010169158,0.0995777692989242,0.105967639662872,0.1656724763253257,0.065125954884537,0.4947914072904558,0.246188931318092,0.0504792751786218,0.186385900883411,-0.0042218292076893,,0.0409721359328788,0.0167954352983632,,-0.2204973310067311,-0.0280494141048069,0.2321708656191275,9.375,3.125,3.125,3.125,28.125,3.4482758620689653,9.375,9.375,3.125,12.5,45.45454545454546,6.25,6.25,18.75,28.125,3.125,68.75,65.625,87.5,87.5,65.625,92.3076923076923,93.75,68.75,84.375,43.75,,56.25,53.125,,3.125,31.25,90.625,0.4972312219313076,0.5068895088152174,0.492971419991624,0.4961826663501101,0.4292323237894341,0.5411505712018572,0.4839248499352819,0.5119746995107669,0.4850309090238187,0.4864157664835822,0.4685867892628357,0.482133836873427,0.4868474284295937,0.5294787662429797,0.5277742903068127,0.4840205887361052,0.4629130913145722,0.4552486351503955,0.4656737104903374,0.4758791181914967,0.4442694073765612,0.5298968093121393,0.4587568667252937,0.4598131889377503,0.4985345956955638,0.436677126347295,,0.4404605660726056,0.4503391746038191,,0.3584053295180707,0.3934350309969929,0.4985434561108852,6.25,3.125,3.125,6.25,46.875,3.4482758620689653,15.625,6.25,18.75,15.625,27.272727272727273,21.875,6.25,9.375,6.25,12.5,71.875,62.5,78.125,81.25,53.125,80.76923076923077,53.125,65.625,84.375,43.75,,46.875,56.25,,6.25,15.625,87.5
2025_18_DET_CHI,2025,REG,18,DET,,CHI,,,,,,6992,10,7,114,-135,2.5,-110,-110,50.5,-110,-110,Dan Campbell,Ben Johnson,-3.0,3.0,-4.0,13.0,-1.0055000000000005,1.74,2.14,TIE,,PUSH,False,0.027780626987961,-0.1229987716141137,-0.0063317467535638,-0.0159917907558555,0.0668653581078146,0.2808392236488541,-0.2263949086581878,-0.0439309478224299,-0.0469675960405132,0.062740575746962,-0.101815315661768,-0.009164822076938,0.0162273014117149,0.0349602014664164,-0.0903020051501529,-0.0475359441355811,0.1599194136520103,0.1169219694952963,0.0783871968753912,0.0553657104330859,-0.0041744714540842,0.0921919284710051,-0.3791507230874975,0.2080886486637789,0.0489265650119512,0.0429283467398974,-0.0153754691207834,0.0536608564846695,0.1029822694290757,,-0.0584862833965055,0.2094422735290121,-0.0165863064895488,37.5,87.5,71.875,65.625,37.5,20.689655172413794,96.875,68.75,71.875,37.5,86.36363636363637,65.625,43.75,46.875,87.5,75.0,100.0,75.0,78.125,71.875,43.75,57.69230769230769,3.125,100.0,53.125,65.625,40.0,59.375,93.75,,40.625,90.625,46.875,0.4572192320267786,0.4176530104266221,0.4502823997011311,0.449101157348358,0.4706914712602214,0.5250647342436883,0.4481455470206868,0.418156435466318,0.4530158658805099,0.4619302269426724,0.3913259248658467,0.4763545186978272,0.4550496727724403,0.4449905728782952,0.4842421254253219,0.4253224119462056,0.4845239196044242,0.4726289295047803,0.4591430349009343,0.4249455372635436,0.466517755758264,0.4420408067063318,0.2734423463718555,0.4702248679929555,0.4266467976783025,0.4281883032985593,0.4262140969038402,0.4544246211593898,0.5001204192382072,,0.4213266702950696,0.4489187783871664,0.4115180617356698,34.375,75.0,56.25,50.0,25.0,10.344827586206897,37.5,71.875,43.75,37.5,77.27272727272728,28.125,37.5,40.625,28.125,71.875,93.75,75.0,68.75,34.375,62.5,57.69230769230769,3.125,81.25,40.625,37.5,53.333333333333336,59.375,93.75,,46.875,53.125,25.0,-0.0134752529697574,-0.121614840858416,-0.0021457049419572,-0.0290192684055873,-0.112589268886913,0.1060238468308014,-0.1018353105557898,-0.0901222363533699,0.0377183640858216,-0.0704470690140743,-0.1350480932137364,-0.0702526804710485,0.0342154823243227,0.0158871426037789,-0.2696267880027009,0.0176853112670079,0.0652283467900622,0.0038166460056057,0.0666052587876245,0.1390132643071119,0.2235763063537728,,0.2249523199830533,0.1408306587050763,0.2006657338844832,0.1630886492455812,,0.148206584460851,-0.0308576529298462,,0.1865973499842373,0.1319062657711539,0.1617895172962414,71.875,84.375,65.625,71.875,81.25,41.37931034482759,75.0,90.625,43.75,84.375,90.90909090909092,81.25,34.375,62.5,96.875,50.0,71.875,46.875,75.0,84.375,96.875,,90.625,90.625,90.625,93.75,,87.5,25.0,,90.625,78.125,84.375,0.4252734542318386,0.3953692894381777,0.4227115354706253,0.4169028662036443,0.3849190911950501,0.4235367008191183,0.4318323565087572,0.4110588549698327,0.4202872266164993,0.4127050962098244,0.4277428341124515,0.4223461351623294,0.4307099812924252,0.3801561484933028,0.3877279729237422,0.4284072700800415,0.4521049743170701,0.4272873223033699,0.4525412966077718,0.4774301974513149,0.4788342932040827,,0.5036496313582858,0.460192066542493,0.4919806744830937,0.4546816852847219,,0.4563648498644415,0.4177061132033566,,0.5195695886741121,0.4448980487510475,0.4854478379514448,78.125,90.625,81.25,78.125,87.5,48.27586206896552,65.625,75.0,75.0,75.0,59.09090909090909,68.75,68.75,90.625,90.625,68.75,56.25,40.625,59.375,84.375,84.375,,84.375,71.875,81.25,59.375,,65.625,25.0,,93.75,50.0,81.25
2025_18_GB_MIN,2025,REG,18,GB,,MIN,,,,,,6999,8,10,235,-290,6.5,-115,-105,37.5,-110,-110,Matt LaFleur,Kevin O'Connell,2.0,-2.0,-4.0,-1.0,-4.9595,1.34,3.35,TIE,,PUSH,False,-0.1065334544055173,-0.1266353083973053,-0.1009632798841374,-0.134710679656527,-0.2118265555718264,,-0.1316399311194192,-0.0831956795035021,-0.0317192330256646,-0.1717470554200157,,-0.0952994901589235,-0.0584564018526237,-0.3393733448896038,-0.0783262715863208,-0.0339580146834749,-0.05225222639791,-0.2149297840823591,-0.0992918510589806,-0.1633859403449296,-0.2542207736310963,0.0167082441859136,-0.0885218164225832,-0.0512717243915587,-0.2429590330288632,-0.1177771129291981,,-0.0875168013964237,-0.0078500274650111,,-0.1458864973630784,0.0407966911158659,-0.0927815159198836,96.875,90.625,90.625,93.75,90.625,,84.375,84.375,68.75,93.75,,87.5,96.875,100.0,84.375,68.75,21.875,18.75,15.625,12.5,3.125,50.0,25.0,21.875,12.5,12.5,,28.125,31.25,,12.5,62.5,15.625,0.4151715628945823,0.3957338916732227,0.4116328627640697,0.3908041739686787,0.354223000615212,,0.4170816418999473,0.3892136063107617,0.4360411473872251,0.3816829645823421,,0.4098400808242177,0.4349643790462767,0.3353889642510781,0.430675555103118,0.3999598339618799,0.4292777914657452,0.3908301232240692,0.4265403501958978,0.4134405544674084,0.4657883908486297,0.4438710130792543,0.4189396875193234,0.4289091906218575,0.4092563238286556,0.4370636721425292,,0.425052205189833,0.443875375943734,,0.4340708079994778,0.4071865467428323,0.4373617870312523,90.625,87.5,84.375,90.625,100.0,,71.875,93.75,65.625,90.625,,75.0,65.625,100.0,56.25,87.5,31.25,18.75,34.375,21.875,59.375,61.53846153846154,31.25,25.0,28.125,46.875,,37.5,50.0,,53.125,18.75,53.125,-0.0057783678646013,0.0092405634581341,0.0418718992939136,0.082343651395272,0.1301836526603386,0.1665197393960791,0.2038550545992431,0.0202254500480495,0.0436739072774936,0.0278347696110525,0.0754349467191309,0.0688120196934344,-0.0039763667177494,0.0527735048730326,-0.0147588378396405,0.1666206228214467,0.0717619026761159,0.4291487122993526,0.1501157722433766,0.2690843968282539,0.144502213285678,0.4058831687739296,0.3055743823185167,0.1500558892488186,0.3439123923035208,0.1924843923917523,0.1606605159690723,0.1108058049546723,0.0150154592435798,,0.1771339739799079,0.3285266226537244,0.2452151725076095,65.625,59.375,43.75,25.0,25.0,31.034482758620687,12.5,50.0,37.5,43.75,40.909090909090914,31.25,62.5,34.375,59.375,12.5,78.125,100.0,96.875,100.0,87.5,84.61538461538461,96.875,93.75,100.0,96.875,100.0,75.0,50.0,,87.5,100.0,93.75,0.4273036823040766,0.4633223958909704,0.4573429746881571,0.4491267976981979,0.4100025979335865,0.488247627348488,0.5155509367753812,0.4236700748932245,0.4346766685029302,0.4068025065178962,0.4413989814733435,0.4636461673265807,0.46704318429325,0.4387219614902431,0.4352694388638128,0.4780991009034684,0.4676172335560545,0.5588826370675227,0.4923208072879986,0.5148732069981756,0.4760553428352554,0.5354660113151788,0.5346465004580816,0.4974957057211743,0.5291534846987513,0.5016444547036083,0.5352625996670987,0.4804751785317062,0.4667689096018977,,0.5186905099760032,0.4956875656710288,0.5155287506041664,71.875,37.5,37.5,46.875,65.625,24.13793103448276,6.25,68.75,68.75,87.5,45.45454545454546,37.5,25.0,46.875,53.125,21.875,84.375,100.0,93.75,93.75,75.0,84.61538461538461,96.875,96.875,96.875,93.75,100.0,81.25,81.25,,90.625,90.625,93.75
2025_18_IND_HOU,2025,REG,18,IND,,HOU,,,,,,6995,7,8,425,-575,10.0,-108,-112,40.5,-115,-105,Shane Steichen,DeMeco Ryans,1.0,-1.0,-1.0,2.0,5.1865,1.17,5.25,TIE,,PUSH,False,-0.1292913637039354,-0.0855854396785578,-0.1187533257090769,-0.1681844705711465,-0.0774498625312481,-0.0306048769742007,-0.1626114461759799,-0.1999346107574693,-0.1282677922416903,-0.1990532456055668,-0.0334975880486603,-0.0653054064028503,-0.046450460857473,-0.1929053789042754,-0.0651930972818384,-0.1372355936180104,-0.0372737520724091,-0.0587447718092395,-0.0324477045270194,-0.0001847860306105,-0.1663932803992425,-0.1378744212402727,0.0669334950664233,-0.0133059670111473,0.0161854871176754,-0.0580045158496052,,-0.1867152042089802,-0.076315921214975,,-0.0690187177258675,-0.027095811601494,-0.0017697407149787,100.0,78.125,96.875,96.875,78.125,62.068965517241374,87.5,100.0,90.625,96.875,68.18181818181819,78.125,90.625,93.75,78.125,93.75,28.125,31.25,25.0,34.375,12.5,30.76923076923077,68.75,31.25,46.875,18.75,,12.5,15.625,,34.375,34.375,59.375,0.3930926066351704,0.3900134148472077,0.3834685847179523,0.3721748615076796,0.3804545966247424,0.3720849794651768,0.4224548025191861,0.3462365453821073,0.3825488010748043,0.3495615258613305,0.3627164683739819,0.4002176898047412,0.400519602233854,0.347696334322107,0.3995097124388542,0.3753605122336209,0.3953011630723861,0.4249903986469103,0.4094767002785217,0.4258330184803766,0.3403256882322534,0.3964693363274595,0.4201167087745061,0.4314355412553114,0.4255739214996271,0.4071972718261264,,0.3324878699529123,0.3865051308300807,,0.4154810236760635,0.4136636690907492,0.4202192223532172,100.0,93.75,100.0,100.0,90.625,93.10344827586206,68.75,100.0,90.625,100.0,100.0,84.375,93.75,96.875,87.5,100.0,12.5,37.5,21.875,37.5,6.25,34.61538461538461,34.375,31.25,37.5,18.75,,6.25,9.375,,40.625,31.25,37.5,0.0088173170122167,0.0701596701675895,0.0479074621032675,0.0900257067645753,-0.2700498713565684,0.1255703372912965,0.1259981234140284,0.101149464512786,0.1738087815658544,-0.1032742454545939,-0.2738970907827354,-0.0830755243469595,-0.0099946344176117,-0.1473776642912549,0.0750770443842944,0.1177345111506108,0.0388984045129569,0.1124068434189185,0.0630897303205214,0.0541120993146303,0.0966393527419449,-0.2303885293180138,0.1012610345801123,0.0190925913513982,-0.0128849134496988,0.0331606194729789,-0.0834596731323255,0.0841978585061341,0.0728945370442577,,-0.0074101734455578,-0.0198925860686256,0.0268699516828951,53.125,37.5,34.375,21.875,100.0,34.48275862068965,28.125,18.75,12.5,87.5,100.0,84.375,68.75,90.625,37.5,15.625,62.5,68.75,71.875,68.75,71.875,23.076923076923077,81.25,40.625,43.75,62.5,20.0,71.875,84.375,,46.875,40.625,68.75,0.4531518586196786,0.4872476018859608,0.460744650328367,0.4663977167806133,0.4024924428591033,0.4583271269709482,0.4651837556691851,0.4623891372326809,0.509184015359055,0.4257415908664164,0.3828122296478925,0.4495903006144857,0.4528033285676374,0.4131292810186491,0.4816215940249375,0.4661428501665888,0.4320369321416883,0.4462956660021867,0.4500498444872609,0.4409037663050332,0.4338424351185245,0.3542789140178834,0.4594905812697817,0.4301784186203558,0.4466627149004239,0.4246845048828607,0.3899958500504334,0.4436535570955615,0.4621219558728142,,0.4038121347386841,0.4134921057468272,0.4328605002100284,40.625,25.0,31.25,34.375,75.0,37.93103448275862,28.125,34.375,6.25,65.625,86.36363636363637,53.125,40.625,71.875,34.375,37.5,34.375,50.0,53.125,53.125,43.75,15.384615384615383,59.375,28.125,46.875,34.375,13.333333333333334,50.0,75.0,,25.0,28.125,46.875
2025_18_KC_LV,2025,REG,18,KC,,LV,,,,,,6998,10,7,-245,200,-5.5,-110,-110,36.5,-110,-110,Andy Reid,Pete Carroll,-3.0,3.0,-19.0,2.0,-10.9275,3.0,1.41,TIE,,PUSH,False,-0.0508475747069617,0.1439584145738525,0.0477132759605302,0.0662034895798023,-0.0754093725956623,-0.1059531724763941,0.20141657450421,0.1352415280444184,0.0122849757096582,0.0020833855106156,,-0.0073057558640561,0.0216520129641073,0.0417010546532374,0.086714185305603,0.0662114047166645,-0.0970907336021288,-0.2510062037585617,-0.1676228069436759,-0.1652401307361236,-0.029724978323243,,-0.1701818105587961,-0.0399130842600877,-0.1497584394401476,-0.0812948509216665,,-0.2233134279225609,-0.1718166593702371,,-0.0836406650293273,-0.106228781822658,-0.1393955480195796,87.5,25.0,37.5,37.5,75.0,82.75862068965517,15.625,15.625,53.125,56.25,,62.5,40.625,43.75,34.375,37.5,9.375,12.5,6.25,9.375,34.375,,18.75,25.0,15.625,15.625,,6.25,3.125,,31.25,18.75,9.375,0.4302612833579111,0.4949386727929679,0.4601651315278426,0.4680698020696208,0.4015735472059183,0.3892501167876212,0.4779501578056804,0.5053289997191077,0.4462071291494854,0.4569274439771081,,0.4407008045142935,0.4502768609941036,0.5018703724891262,0.4146841956987471,0.470148227022623,0.4065068525747018,0.393910700230595,0.3891510950111066,0.4012365909970866,0.3954144790558557,,0.395915785355158,0.4261754766082777,0.3996680938023588,0.4225499925585205,,0.3684301715970267,0.369684806331027,,0.3942280576589849,0.4444609679174924,0.3898874237611008,62.5,18.75,34.375,31.25,78.125,79.3103448275862,18.75,9.375,50.0,43.75,,59.375,43.75,18.75,65.625,31.25,15.625,28.125,9.375,18.75,21.875,,28.125,21.875,18.75,31.25,,9.375,6.25,,21.875,46.875,12.5,0.0250238604999809,0.1684684207309573,0.0292996798921931,0.0553411383733758,0.1439070402259106,0.1131974103560795,-0.0571746328324081,0.066852564075164,0.2226828364830937,0.1218978455856377,,0.029369355928131,-0.0024323512717429,0.2245328006475398,0.1679347131641485,-0.0178945587612529,0.0820699705763144,-0.0512052684068924,0.0528953763146706,0.0420039251374052,0.1495094042422,-0.2055516114783278,0.0497154406550911,0.0381878758478146,-0.0668237705016111,0.0874938795034395,-0.00597183963094,0.0271273507734796,0.0722493059272852,0.5688324236599832,0.0528751436650553,0.0276586986426233,-0.0083885215695413,43.75,18.75,50.0,43.75,21.875,37.93103448275862,68.75,37.5,6.25,18.75,,43.75,59.375,6.25,12.5,62.5,84.375,34.375,68.75,65.625,90.625,26.923076923076923,53.125,53.125,31.25,75.0,46.66666666666667,53.125,81.25,100.0,68.75,56.25,53.125,0.4513997140520345,0.5041730251201636,0.453573999382819,0.4643245419345077,0.5579505324831427,0.4848143740074775,0.4156896190390486,0.4540057343995785,0.4909267001512303,0.4968096084751202,,0.4200203396385962,0.4401178185499419,0.517022470782783,0.5096694128038679,0.4449585994422216,0.4651267764417174,0.4513578874281798,0.4693597134748339,0.4614747597214837,0.5441728108796046,0.3465509967620542,0.4774426545147049,0.4562867418311342,0.4219267376746075,0.4897013916580997,0.4907413496558837,0.4628354991994922,0.4821112549353515,0.6823985793790537,0.4856291146504818,0.469881129700708,0.4591606166972655,43.75,9.375,50.0,40.625,9.375,27.58620689655172,81.25,46.875,12.5,9.375,,71.875,59.375,15.625,9.375,50.0,81.25,59.375,81.25,75.0,100.0,7.6923076923076925,71.875,62.5,34.375,87.5,93.33333333333334,71.875,90.625,100.0,84.375,78.125,75.0
2025_18_LAC_DEN,2025,REG,18,LAC,,DEN,,,,,,6994,8,10,275,-345,7.5,-110,-110,39.5,-112,-108,Jim Harbaugh,Sean Payton,2.0,-2.0,-5.0,6.0,2.4905,1.29,3.75,TIE,,PUSH,False,-0.0320199621866767,0.0009262486493753,-0.0297044415308668,-0.03833560094225,0.0170287891204494,-0.0971187632635621,-0.0238020064755541,-0.0176723475195681,-0.1773315254099652,0.0011883816973022,-0.0060335520229864,0.0090180955954907,-0.0192280262459942,-0.0742987144884758,-0.0170667742767798,-0.0088050798386977,0.0894244726505096,0.0228244195395154,0.0463806389612136,0.0558930157725578,-0.006650084518489,-0.0056365908772665,-0.0685909323064446,0.0368590302080698,-0.0558638849891461,-0.0035089715035209,-0.145950140756753,0.1913956214652015,0.0285684734881231,,0.0246108836699458,-0.1659250605485306,0.0395984338709064,81.25,62.5,78.125,75.0,53.125,79.3103448275862,59.375,62.5,93.75,59.375,59.09090909090909,53.125,81.25,78.125,62.5,59.375,90.625,50.0,65.625,75.0,40.625,46.15384615384615,28.125,50.0,37.5,46.875,6.666666666666667,93.75,59.375,,59.375,15.625,71.875,0.4044029758624655,0.3780051248485335,0.395490161569158,0.388215157641275,0.4122892846773212,0.3840653890989831,0.4163811299547763,0.3739741053088821,0.3736609032596156,0.3712897561754456,0.4074686106066483,0.3963863935514753,0.4053282953347043,0.3872972915108776,0.3711476322027076,0.3970273896181737,0.4803930698758185,0.4388864180206229,0.4449387233147183,0.440417823707642,0.4223802898945971,0.4180757359976389,0.4255600810330777,0.4339092525818566,0.4199585384420069,0.414577894736736,0.4088030066315693,0.4902092617672726,0.4510689096061298,,0.4419446965841355,0.3591917039373989,0.4468383545386437,96.875,96.875,90.625,93.75,56.25,82.75862068965517,78.125,96.875,93.75,93.75,72.72727272727273,87.5,90.625,87.5,93.75,93.75,87.5,46.875,46.875,50.0,37.5,46.15384615384615,37.5,37.5,31.25,25.0,26.666666666666668,90.625,59.375,,56.25,9.375,59.375,-0.0112739278599502,-0.0808073667971762,-0.0435064523917998,-0.0599133243136517,0.0284655323953163,-0.2091391715195608,-0.1963041022984072,-0.0083404609954592,-0.0766832582185978,-0.0517156608743685,0.092622694992823,-0.1683467851861988,-0.0158661330212007,-0.134580137598075,0.1418875971573402,-0.1274072685586493,-0.0530185005933608,0.0346719167938974,0.008839559409072,0.0076959706536081,-0.0779124606874288,0.1510030266946143,-0.0125183870424986,0.0508701714478876,0.1148779743592936,-0.0032059997953265,,-0.1386388871301213,0.0097295891992248,0.5098833857470043,0.0436786433071868,-0.0994809685276011,0.0582989046036118,68.75,75.0,81.25,78.125,46.875,93.10344827586206,93.75,59.375,78.125,68.75,36.36363636363637,96.875,78.125,84.375,25.0,90.625,18.75,53.125,37.5,37.5,21.875,69.23076923076923,43.75,75.0,68.75,50.0,,15.625,46.875,20.0,65.625,21.875,75.0,0.4297939540914119,0.4255143633001316,0.4286000731112513,0.4237042731248744,0.4053787346305759,0.3792316333917457,0.4021628586307279,0.4536566562112613,0.4165429764214785,0.4082067120256762,0.4464913138233065,0.3902465641879646,0.4369641426013461,0.3628224709469988,0.4828985671175917,0.424385843958491,0.4117548332437056,0.463792223022443,0.4407755654562813,0.4485146412264919,0.4724612314541042,0.4488990267586549,0.4702684013152639,0.4511372669056548,0.4855024771542475,0.4646182261407531,,0.3975892525894476,0.4289701092601496,0.602222773628104,0.476560592908424,0.4672487430854423,0.4518959464590047,68.75,65.625,75.0,75.0,71.875,86.20689655172413,93.75,50.0,81.25,84.375,36.36363636363637,93.75,62.5,93.75,31.25,75.0,21.875,65.625,43.75,59.375,71.875,73.07692307692308,68.75,56.25,78.125,78.125,,18.75,34.375,20.0,81.25,75.0,71.875
2025_18_MIA_NE,2025,REG,18,MIA,,NE,,,,,,7000,7,7,490,-675,11.5,-115,-105,45.5,-108,-112,Mike McDaniel,Mike Vrabel,0.0,0.0,2.0,11.0,5.1315,1.15,5.9,TIE,,PUSH,False,0.0602182112985229,-0.0715439157329267,0.026054584559031,0.0533985317307912,-0.2340107647921497,-0.0552186994637948,0.113419172275394,0.0916361781676781,-0.0985735279608823,-0.0517876438482349,0.0937030746668611,0.3136634862629536,-0.0128065550088056,-0.2106798647701032,0.0353308665001507,0.0925810278707663,0.0839024975128306,0.0726531849905087,0.1022394884586093,0.1817328169993844,0.2872004335474268,0.5028796747242867,0.0657526272515126,0.1325073257686819,0.1279356053055975,0.1385637941700991,,-0.0605677166128059,0.0026725985298328,0.5135806997611306,0.06335470939829,0.1648437320937599,0.2852950104422262,31.25,71.875,53.125,46.875,93.75,65.51724137931033,37.5,21.875,87.5,71.875,31.81818181818182,3.125,75.0,96.875,43.75,31.25,87.5,59.375,84.375,90.625,100.0,96.15384615384616,62.5,87.5,71.875,87.5,,31.25,34.375,40.0,78.125,84.375,100.0,0.4673951274138609,0.4359704669706,0.461164700887302,0.4714054160151487,0.4116705297241457,0.3995813396154153,0.4593719413989373,0.4976840528032464,0.4547260835846115,0.4706296325099094,0.5131622732446217,0.4926530129285165,0.4465581653886584,0.3944965873905878,0.5001978754653813,0.4731766667607555,0.464941958132889,0.4713702352572529,0.4793008271016328,0.5137913643190284,0.5125021914499542,0.5519101260912149,0.5064881244324921,0.5210701777359639,0.4471234284337073,0.5030129041102673,,0.4478633843455176,0.4361793838324468,0.6457698916837349,0.4457050689235544,0.5568809595113228,0.5413203694701222,18.75,56.25,28.125,25.0,62.5,65.51724137931033,31.25,12.5,40.625,31.25,9.090909090909092,6.25,46.875,81.25,18.75,28.125,78.125,71.875,87.5,90.625,96.875,96.15384615384616,87.5,100.0,53.125,96.875,,53.125,43.75,80.0,62.5,100.0,100.0,0.0930349897770162,-0.068912383615245,0.047435406308075,0.0792074037671878,0.2577023072281466,,0.2883812878386131,0.0796856914640507,0.0364319441991099,0.2476748498573349,-0.0803267427985349,0.1078698512031785,0.0038073432977515,0.211796901114774,-0.0306561334989756,0.1079295786687795,0.0071175802447408,-0.1084661675359081,-0.016299681136182,0.0089922478956408,0.0418272234049658,,0.0669077874515031,0.0865580006200058,0.0793031161262789,0.0165410534658809,,-0.0237856374594154,-0.043169627819829,,-0.0668723144337564,0.1678247998471982,-0.0142915197048965,21.875,68.75,40.625,31.25,9.375,,6.25,31.25,46.875,6.25,77.27272727272728,15.625,53.125,15.625,65.625,21.875,43.75,25.0,34.375,46.875,62.5,,65.625,81.25,59.375,56.25,,40.625,21.875,,37.5,87.5,50.0,0.4973853323393153,0.4193281092595734,0.4716987486576528,0.4930280067830803,0.512671971349591,,0.5090995926329632,0.4922749498473757,0.4950778022389905,0.5330278799172615,0.4377676958249925,0.483061176515046,0.4436286512280759,0.531539763711205,0.4725301906215041,0.4943495700219844,0.4398852225775054,0.3737789753297227,0.4250130102752039,0.4398716281690418,0.4375520164192252,,0.4927501675113389,0.4538128968872274,0.4593017302386888,0.4209075147386696,,0.4255391795883442,0.4080077651606846,,0.429854344407017,0.4701303528771923,0.441968637383767,3.125,71.875,15.625,9.375,15.625,,9.375,15.625,9.375,6.25,54.54545454545455,12.5,53.125,6.25,37.5,6.25,43.75,6.25,31.25,46.875,50.0,,81.25,59.375,68.75,28.125,,43.75,18.75,,50.0,81.25,56.25
2025_18_NO_ATL,2025,REG,18,NO,,ATL,,,,,,6990,7,6,120,-142,2.5,-110,-110,43.5,-108,-112,Kellen Moore,Raheem Morris,-1.0,1.0,-1.0,-14.0,2.9325,1.7,2.2,TIE,,PUSH,False,0.0007076689414659,0.0167323631602389,0.0170964495443613,0.0152747500877418,-0.0202960964384797,0.0685504166683086,0.1313754380713547,0.0685234402612554,0.0393937441980657,0.0541623999155697,,-0.0175669262433902,0.0270532503789201,0.0231642548860889,0.0116109894136588,0.1080103821284562,0.0755186435729972,-0.2587762926960032,0.021978882464215,0.0145975559141514,0.1024500333594611,-0.2705666270039898,-0.0531518888001681,0.039544422623758,0.1332256273502445,0.0544045350811283,,0.1292669697430964,0.0336268614970832,,0.2186980967362958,-0.0225207503175405,-0.0661230705392237,56.25,56.25,56.25,53.125,62.5,44.82758620689655,25.0,34.375,40.625,40.625,,68.75,37.5,56.25,50.0,18.75,81.25,3.125,43.75,56.25,75.0,11.538461538461538,37.5,56.25,75.0,68.75,,84.375,62.5,,93.75,37.5,21.875,0.4366928528297812,0.453535990676421,0.4542357823292103,0.4454115197553387,0.4071267787580731,0.418685799978668,0.4742858683663858,0.4660197188973332,0.4026988276847992,0.4342424904125569,,0.4043936704971974,0.4685635617633966,0.4441258431408378,0.4046814652320188,0.4872762182336893,0.461421304868858,0.3762130443391456,0.4532765269632493,0.4454260014704491,0.4691315063612654,0.3722421764695172,0.4320459142660642,0.445129028258602,0.4468774212171774,0.4423435286404559,,0.4680895285213324,0.4634248477521741,,0.5300196397658363,0.4343789542215091,0.4119206115360132,56.25,40.625,43.75,56.25,68.75,51.72413793103448,21.875,28.125,84.375,62.5,,81.25,18.75,43.75,75.0,9.375,65.625,9.375,62.5,56.25,68.75,26.923076923076923,43.75,50.0,50.0,53.125,,78.125,78.125,,96.875,40.625,28.125,-3.7057660755636113e-05,0.033726095230352,-0.0020369842529785,-0.0079819718449883,0.1675762738908691,0.0346277957508337,0.0024345826334189,0.0249820093665003,-0.0129973310374861,0.120755989093915,0.060819042888244,-0.0024843781913128,0.0054349821971347,0.1163997261007933,0.0039141092222161,0.0468503419609025,-0.1013204128281337,-0.0886037256469948,-0.0987890078701864,-0.1030543874167169,-0.2403524538257683,-0.1187768786721878,0.1763683148825794,-0.1370655065647686,-0.2970868220415821,-0.2623874050027514,,-0.0976565509124974,-0.0985789793415318,,-0.1561539345057001,0.0459318250764492,-0.087765026950617,59.375,50.0,62.5,59.375,15.625,51.72413793103448,56.25,46.875,65.625,21.875,54.54545454545455,59.375,46.875,25.0,53.125,40.625,6.25,28.125,18.75,21.875,9.375,34.61538461538461,87.5,9.375,9.375,3.125,,21.875,6.25,,9.375,68.75,18.75,0.4301141464178423,0.4366636263641446,0.4400704367217569,0.437616109693266,0.464817965885086,0.3901669286065361,0.4387296342778397,0.4522927533081982,0.4176916212116769,0.4705101447226356,0.4554025002604761,0.4830184905532166,0.4422141771456943,0.4724347377730891,0.4016252596717539,0.4566323153375355,0.3780821155555694,0.4188451874281007,0.4092382217119114,0.41621889662104,0.3721455631774607,0.3656099314668063,0.5072283129686251,0.4061880889622963,0.3571087432437897,0.3769156476716019,,0.3792476528567637,0.3980623776953739,,0.3920059989939095,0.4586431833001255,0.4119305233656534,65.625,53.125,65.625,68.75,31.25,75.86206896551724,56.25,53.125,78.125,34.375,31.81818181818182,15.625,56.25,31.25,81.25,43.75,9.375,34.375,18.75,25.0,12.5,23.076923076923077,90.625,18.75,12.5,9.375,,12.5,15.625,,18.75,56.25,31.25
2025_18_NYJ_BUF,2025,REG,18,NYJ,,BUF,,,,,,6991,7,7,295,-375,7.5,-108,-112,39.5,-110,-110,Aaron Glenn,Sean McDermott,0.0,0.0,-7.0,-3.0,12.876000000000001,1.27,3.95,TIE,,PUSH,False,-0.0256827096847423,0.2001293856414001,0.0025539322597197,-0.100260727458732,-0.2649183444341531,-0.0640435337679779,-0.0948045682352829,-0.0313567979904123,0.0275874079389801,-0.1665353890231811,0.062612976299893,0.0880139179704287,0.1199138672783025,-0.0264876671664926,-0.1793972550131602,-0.0890702636059434,0.0075886399402949,0.1941986831940098,0.1240094283901438,0.0997493120688985,0.1813983231427112,0.0743189445606251,0.0950398077361253,0.1063022151438653,0.2367935783156317,0.1938632550293858,0.0957215943643126,0.064690098224414,0.1528221041480613,0.5456934517770252,0.2589450175514958,0.2315213636473521,-0.0277721719183827,75.0,9.375,59.375,87.5,96.875,68.9655172413793,71.875,65.625,50.0,90.625,50.00000000000001,21.875,9.375,65.625,93.75,84.375,46.875,90.625,90.625,81.25,93.75,53.84615384615385,75.0,84.375,93.75,100.0,93.33333333333334,65.625,100.0,60.0,96.875,93.75,40.625,0.4405928422708609,0.5016243918658085,0.4441300049044835,0.4120667624222206,0.4504407484501411,0.4030604589238104,0.413849437439981,0.3917132510913605,0.5113152831324421,0.4128496015563692,0.4452039522073013,0.4480902376753961,0.4818365828153357,0.4372843796455308,0.3283336797612246,0.4315190797233762,0.4622509532716772,0.4897070124138817,0.4795403527259101,0.4518191502446005,0.4884914529035317,0.434814372701387,0.4311402796595183,0.4700579831034489,0.5197144134627657,0.4974921147395328,0.4892352722270456,0.5114030625354771,0.5120213791388164,0.6387901774177809,0.475928633220458,0.5010239013050684,0.4178799210042961,53.125,12.5,62.5,81.25,37.5,58.62068965517241,84.375,90.625,3.125,71.875,40.909090909090914,56.25,15.625,50.0,96.875,65.625,68.75,90.625,90.625,62.5,87.5,53.84615384615385,40.625,78.125,93.75,90.625,86.66666666666667,96.875,96.875,60.0,78.125,93.75,34.375,0.0942357297167577,0.0935325542994838,0.1276295922602504,0.1925076182529049,0.1512675635930946,-0.0174457557344599,0.1349926451500738,0.2781015972501815,0.2223807241968454,0.2330589345273826,-0.0146404078432212,0.2323071624217512,0.0529162068455722,0.215154301780668,0.1144663084057657,0.1921550363256444,-0.0067363307926104,-0.2432787430270734,-0.1287531175337773,-0.1813335181495941,-0.0671824398058884,,-0.2736097392889696,-0.0827270749639336,-0.0484444449765342,-0.0430581024146029,-0.0993421182987699,-0.2089757138680066,-0.068826290288103,,0.1242659001155347,-0.2872754821136336,-0.2036887799244213,18.75,28.125,9.375,6.25,18.75,58.62068965517241,21.875,6.25,9.375,9.375,63.63636363636364,9.375,25.0,12.5,31.25,9.375,34.375,15.625,9.375,6.25,28.125,,6.25,15.625,40.625,25.0,13.333333333333334,9.375,18.75,,84.375,3.125,6.25,0.4603902118123452,0.4290533035174817,0.4550209046863914,0.4644001211457721,0.4677049236570914,0.4002249359117453,0.4402797675794238,0.4758483157622558,0.4838728785733568,0.4774383893097306,0.4244457435813697,0.4908498408560244,0.4446986759612081,0.4575552139369273,0.4461329428675501,0.461726446391893,0.4439103787369434,0.3896117483770144,0.4020378607830223,0.3784336101018576,0.3916523263504513,,0.3440255383624377,0.4005671617814715,0.4016180427981945,0.3999184938377544,0.3706874965697382,0.390526847448652,0.4310336629129662,,0.5158775764134492,0.3329439494585903,0.3581044313937367,25.0,62.5,40.625,37.5,28.125,62.068965517241374,53.125,21.875,21.875,28.125,63.63636363636364,9.375,50.0,34.375,50.0,40.625,46.875,15.625,12.5,6.25,15.625,,9.375,12.5,21.875,15.625,6.666666666666667,15.625,40.625,,87.5,6.25,6.25
2025_18_TEN_JAX,2025,REG,18,TEN,,JAX,,,,,,6996,7,7,575,-850,12.5,-115,-105,47.5,-108,-112,Brian Callahan,Liam Coen,0.0,0.0,1.0,-6.0,13.2515,1.12,6.75,TIE,,PUSH,False,0.0560791719281508,0.0629378872243957,-0.0156713556980349,-0.02900937759141,0.0217442890162276,-0.2240222723128771,-0.1089026690309211,-0.052340753482136,0.0607887115357588,-0.0550542498676118,,0.0707679750217146,-0.0009960553916495,0.0484380499306774,0.053738474826375,-0.1618350741162652,-0.0008565519977589,0.197749598398891,0.0408815365544018,0.0313707066050867,-0.0111057278534945,0.1176190934412197,0.007031096900352,-0.026743527314425,0.0732295802922178,-0.0165056466300919,,0.0257207791691357,0.0525880265409649,,0.0572817041523833,0.0804142845102387,-0.0507852967584109,34.375,40.625,75.0,68.75,50.0,96.55172413793105,78.125,75.0,34.375,75.0,,28.125,56.25,40.625,40.625,96.875,37.5,93.75,62.5,59.375,37.5,65.38461538461539,46.875,28.125,56.25,34.375,,50.0,68.75,,71.875,71.875,31.25,0.4533245474134167,0.4641266390948803,0.444818286126091,0.4518424413042717,0.4457961212763566,0.4035266851796962,0.4386893166582943,0.4548568658003759,0.4791311381629913,0.4546195937673624,,0.4817036000724659,0.4291486470894195,0.4729729527150111,0.4991367472030463,0.4110427968161503,0.4554402291093211,0.4712536693416229,0.4551289289254897,0.4564947779119419,0.3947361762795672,0.4481964048296186,0.4594438135157449,0.4688776597578772,0.4567988068719697,0.4381520259405946,,0.4874673108605888,0.4522531640039834,,0.4059702952848778,0.4633859900769471,0.4502879628045083,37.5,34.375,59.375,43.75,40.625,55.172413793103445,59.375,43.75,25.0,46.875,,25.0,71.875,28.125,25.0,84.375,59.375,68.75,65.625,68.75,18.75,69.23076923076923,56.25,75.0,59.375,50.0,,84.375,62.5,,28.125,62.5,65.625,0.1595517102224508,0.1742782666395239,0.1400202761891191,0.1771392403956774,-0.0295644411091288,0.4456491436641154,0.5303808410393157,0.0910645834539931,-0.0110868725494505,0.0863938273013041,,0.1146740373568905,0.0952091780155195,0.0239243764847943,0.2314503186374123,0.2615826433681928,-0.0776880561325814,-0.2542349636504715,-0.119394127980776,-0.146393461662168,-0.0705474957369491,0.2886099758074569,-0.1743603092787873,-0.0537575241401579,-0.1149360074661022,-0.0046936757527661,0.0729886843009678,-0.0183373358078349,-0.0812607219495554,,-0.10733160780062,0.014518758924889,-0.0566149109766274,3.125,15.625,6.25,9.375,71.875,6.896551724137931,3.125,25.0,59.375,28.125,,12.5,15.625,53.125,9.375,6.25,12.5,6.25,12.5,15.625,25.0,80.76923076923077,15.625,18.75,28.125,40.625,73.33333333333334,43.75,12.5,,28.125,53.125,28.125,0.4792239142687446,0.475425213266719,0.4704223543249716,0.4806696951329456,0.4253012202958619,0.5210281661987431,0.581638137468302,0.4627926915868469,0.4376812476876619,0.4616630367489315,,0.4620330661537072,0.459336339620459,0.4314403839836533,0.4996245871248842,0.5050304445568962,0.3744099249677514,0.3880221140158376,0.3856691567847205,0.3788285424647977,0.3351418334885925,0.5044923285168483,0.3557772753683407,0.4020152182480369,0.343149491254514,0.372488201635532,0.4209522632344357,0.4200777135906575,0.3960580540502983,,0.3671029493379413,0.4111228103481488,0.3969575633946327,9.375,31.25,18.75,12.5,53.125,13.79310344827586,3.125,31.25,62.5,40.625,,40.625,31.25,53.125,21.875,3.125,6.25,12.5,6.25,9.375,3.125,76.92307692307692,12.5,15.625,9.375,6.25,46.66666666666667,31.25,12.5,,15.625,25.0,15.625
2025_18_WAS_PHI,2025,REG,18,WAS,,PHI,,,,,,7002,10,7,295,-375,8.5,-120,100,42.5,-115,-105,Dan Quinn,Nick Sirianni,-3.0,3.0,4.0,-13.0,8.849499999999999,1.27,3.95,TIE,,PUSH,False,-0.0638582805825265,-0.1926686502297288,-0.1444538300115808,-0.2114429044373654,-0.1590146708782221,-0.4109479093433288,-0.1821734600941539,-0.1868649550268629,-0.0125854904887726,-0.221199026212453,,-0.1356162766792641,-0.0545574746816626,-0.0620972150611295,-0.313869673695677,-0.2212644965343286,0.0062711837515117,-0.0008650711843878,0.0113381235387832,0.0078044099423472,0.0101976644141775,0.1511634638246269,-0.0679231508696216,-0.0117366873243515,-0.0603606578059972,0.0150705076765915,0.0513709450879353,0.1167497342652494,0.0211480631634439,,-0.1198929240915892,0.1330277877057463,0.0091771629934179,93.75,96.875,100.0,100.0,87.5,100.0,90.625,96.875,62.5,100.0,,93.75,93.75,71.875,100.0,100.0,40.625,40.625,40.625,40.625,56.25,73.07692307692308,31.25,34.375,34.375,53.125,66.66666666666667,78.125,56.25,,18.75,81.25,62.5,0.4158574473153452,0.4093192113847297,0.3954181237014238,0.3765223284429628,0.3650529822353994,0.3197641822041093,0.3646532789753622,0.3944793666444904,0.398165331565235,0.3579515841675687,,0.4345106278083762,0.4195841801909235,0.4247659674199448,0.3139268747842455,0.3764464397537693,0.4217750629231434,0.3928995975273347,0.4217517854844674,0.4237971138011802,0.42086723272175,0.4223081907655207,0.3702329567079923,0.4324506437009025,0.4391660451637409,0.4298937262187698,0.4556272900441477,0.466025443220913,0.4216421981788757,,0.3581366586606715,0.4763442913941803,0.4314660414117365,84.375,81.25,93.75,96.875,96.875,100.0,96.875,87.5,87.5,96.875,,65.625,78.125,65.625,100.0,96.875,28.125,25.0,28.125,31.25,34.375,50.0,15.625,34.375,43.75,40.625,66.66666666666667,75.0,31.25,,3.125,84.375,43.75,0.0637739439468566,0.1788887051583446,0.1191983469676817,0.1452333567537869,-0.0229947771357323,0.0443688583378041,0.0033741345698939,0.2927852136107686,0.0983827525008474,0.1641770737243254,0.1081964277680626,0.1065485659631211,0.0897778590678267,0.0977986807118324,0.2859953894282768,0.1023871796745375,-0.0099093132693544,-0.0383482077975287,0.033395547667588,0.0089915920859409,-0.002805079978549,-0.2388212824343249,-0.0198144242464882,0.0259658810534489,0.0827029267229822,-0.0244268210723742,0.0360525779649443,-0.0361469246292951,0.0603561438168929,0.5474348028575143,0.0014355121632382,0.0375110136544261,-0.0291907396480666,25.0,12.5,15.625,15.625,65.625,48.27586206896552,53.125,3.125,28.125,15.625,22.72727272727273,18.75,18.75,28.125,3.125,25.0,31.25,37.5,50.0,43.75,46.875,19.23076923076923,40.625,46.875,62.5,31.25,60.0,34.375,71.875,80.0,50.0,59.375,37.5,0.465784941102918,0.4995837852094055,0.4793193823261388,0.4762299961329324,0.4121465445792686,0.4239232651324618,0.4440147323104397,0.5312045703553602,0.4617672067216106,0.4934991566398231,0.5051986182767296,0.4963320573472676,0.4841298162351591,0.4311965102032115,0.5351181553739973,0.4784845588291311,0.4362166812946609,0.4367843555170286,0.4503790533594951,0.4540052736985611,0.47781229379034,0.4122736808727866,0.4647846693249189,0.4485663740383181,0.4623471676404014,0.4600202812086919,0.413761796269976,0.4558667181904915,0.4471670313395735,0.6056493157002351,0.4680537769707979,0.4623664983613769,0.4500217134267433,21.875,15.625,9.375,15.625,59.375,44.82758620689655,46.875,3.125,37.5,12.5,13.636363636363637,3.125,12.5,56.25,3.125,18.75,40.625,43.75,56.25,65.625,78.125,42.30769230769231,62.5,53.125,71.875,65.625,40.0,62.5,53.125,40.0,71.875,59.375,62.5
