EV,Win %,Pick %,Team,Opponent,Future Value (Stars),Year,Week,Public Pick %,Team Division,Opponent Division,Divisional Matchup?,Away Team,Availability,Calculated Current Week Alive Entries,Calculated Current Week Picks,Winning Team,Calendar Date
1.14,0.78,0.153,PHI,DAL,3.0,2025,1,0.153,NFC East,NFC East,1,0,0,0,0,1,2025-09-04
1.1,0.792,0.254,DEN,TEN,2.0,2025,1,0.254,AFC West,AFC South,0,0,0,0,0,1,2025-09-07
1.04,0.7090000000000001,0.111,WAS,NYG,1.5,2025,1,0.111,NFC East,NFC East,1,0,0,0,0,0,2025-09-07
1.02,0.664,0.036000000000000004,JAX,CAR,0.5,2025,1,0.036000000000000004,AFC South,NFC South,0,0,0,0,0,1,2025-09-07
1.0,0.672,0.079,CIN,CLE,2.0,2025,1,0.079,AFC North,AFC North,1,1,0,0,0,1,2025-09-07
0.99,0.691,0.14300000000000002,ARI,NO,1.0,2025,1,0.14300000000000002,NFC West,NFC South,0,1,0,0,0,1,2025-09-07
0.94,0.605,0.009000000000000001,LAR,HOU,2.0,2025,1,0.009000000000000001,NFC West,AFC South,0,0,0,0,0,1,2025-09-07
0.93,0.603,0.023,KC,LAC,3.0,2025,1,0.023,AFC West,AFC West,1,1,0,0,0,0,2025-09-05
0.91,0.595,0.031,PIT,NYJ,0.5,2025,1,0.031,AFC North,AFC East,0,1,0,0,0,1,2025-09-07
0.87,0.563,0.017,NE,LV,1.0,2025,1,0.017,AFC East,AFC West,0,0,0,0,0,0,2025-09-07
0.85,0.547,0.006999999999999999,SF,SEA,2.5,2025,1,0.006999999999999999,NFC West,NFC West,1,1,0,0,0,1,2025-09-07
0.83,0.529,0.005,BAL,BUF,5.0,2025,1,0.005,AFC North,AFC East,0,1,0,0,0,0,2025-09-07
0.81,0.518,0.003,GB,DET,1.5,2025,1,0.003,NFC North,NFC North,1,0,0,0,0,1,2025-09-07
0.81,0.513,0.003,IND,MIA,0.0,2025,1,0.003,AFC South,AFC East,0,0,0,0,0,1,2025-09-07
0.79,0.5,0.002,ATL,TB,0.5,2025,1,0.002,NFC South,NFC South,1,0,0,0,0,0,2025-09-07
0.79,0.5,0.011000000000000001,CHI,MIN,1.0,2025,1,0.011000000000000001,NFC North,NFC North,1,0,0,0,0,0,2025-09-08
0.77,0.5,0.013999999999999999,TB,ATL,2.0,2025,1,0.013999999999999999,NFC South,NFC South,1,1,0,0,0,1,2025-09-07
0.77,0.5,0.031,MIN,CHI,0.5,2025,1,0.031,NFC North,NFC North,1,1,0,0,0,1,2025-09-08
0.75,0.48700000000000004,0.017,MIA,IND,0.5,2025,1,0.017,AFC East,AFC South,0,1,0,0,0,0,2025-09-07
0.75,0.48200000000000004,0.006,DET,GB,2.5,2025,1,0.006,NFC North,NFC North,1,1,0,0,0,0,2025-09-07
0.74,0.47100000000000003,0.006,BUF,BAL,5.0,2025,1,0.006,AFC East,AFC North,0,0,0,0,0,1,2025-09-07
0.71,0.45299999999999996,0.003,SEA,SF,0.5,2025,1,0.003,NFC West,NFC West,1,0,0,0,0,0,2025-09-07
0.69,0.43700000000000006,0.005,LV,NE,0.5,2025,1,0.005,AFC West,AFC East,0,1,0,0,0,1,2025-09-07
0.65,0.405,0.002,NYJ,PIT,0.0,2025,1,0.002,AFC East,AFC North,0,0,0,0,0,0,2025-09-07
0.63,0.397,0.004,LAC,KC,1.5,2025,1,0.004,AFC West,AFC West,1,0,0,0,0,1,2025-09-05
0.62,0.395,0.003,HOU,LAR,1.0,2025,1,0.003,AFC South,NFC West,0,1,0,0,0,0,2025-09-07
0.57,0.309,0.002,NO,ARI,0.0,2025,1,0.002,NFC South,NFC West,0,0,0,0,0,0,2025-09-07
0.56,0.32799999999999996,0.002,CLE,CIN,0.0,2025,1,0.002,AFC North,AFC North,1,0,0,0,0,0,2025-09-07
0.55,0.336,0.003,CAR,JAX,0.0,2025,1,0.003,NFC South,AFC South,0,1,0,0,0,0,2025-09-07
0.52,0.29100000000000004,0.002,NYG,WAS,0.0,2025,1,0.002,NFC East,NFC East,1,1,0,0,0,0,2025-09-07
0.46,0.20800000000000002,0.004,TEN,DEN,0.0,2025,1,0.004,AFC South,AFC West,0,1,0,0,0,0,2025-09-07
0.42,0.22,0.005,DAL,PHI,0.5,2025,1,0.005,NFC East,NFC East,1,1,0,0,0,0,2025-09-04
1.16,0.863,0.285,BAL,CLE,4.5,2025,2,0.285,AFC North,AFC North,1,0,0,0,0,1,2025-09-14
1.02,0.741,0.141,ARI,CAR,0.5,2025,2,0.141,NFC West,NFC South,0,0,0,0,0,1,2025-09-14
1.02,0.71,0.047,DET,CHI,2.0,2025,2,0.047,NFC North,NFC North,1,0,0,0,0,1,2025-09-14
1.01,0.7040000000000001,0.055999999999999994,BUF,NYJ,5.0,2025,2,0.055999999999999994,AFC East,AFC East,1,1,0,0,0,1,2025-09-14
0.94,0.685,0.129,LAR,TEN,1.5,2025,2,0.129,NFC West,AFC South,0,1,0,0,0,1,2025-09-14
0.94,0.647,0.018000000000000002,PIT,SEA,0.5,2025,2,0.018000000000000002,AFC North,NFC West,0,0,0,0,0,0,2025-09-14
0.91,0.631,0.033,CIN,JAX,1.5,2025,2,0.033,AFC North,AFC South,0,0,0,0,0,1,2025-09-14
0.91,0.6779999999999999,0.163,DAL,NYG,0.0,2025,2,0.163,NFC East,NFC East,1,0,0,0,0,1,2025-09-14
0.91,0.626,0.031,LAC,LV,1.5,2025,2,0.031,AFC West,AFC West,1,1,0,0,0,1,2025-09-15
0.9,0.616,0.016,GB,WAS,1.5,2025,2,0.016,NFC North,NFC East,0,0,0,0,0,1,2025-09-11
0.89,0.607,0.013000000000000001,MIN,ATL,0.5,2025,2,0.013000000000000001,NFC North,NFC South,0,0,0,0,0,0,2025-09-14
0.86,0.591,0.023,SF,NO,2.0,2025,2,0.023,NFC West,NFC South,0,1,0,0,0,1,2025-09-14
0.86,0.579,0.002,HOU,TB,1.0,2025,2,0.002,AFC South,NFC South,0,0,0,0,0,0,2025-09-15
0.8,0.544,0.006,MIA,NE,0.5,2025,2,0.006,AFC East,AFC East,1,0,0,0,0,0,2025-09-14
0.78,0.532,0.005,DEN,IND,2.0,2025,2,0.005,AFC West,AFC South,0,1,0,0,0,0,2025-09-14
0.77,0.522,0.002,PHI,KC,3.0,2025,2,0.002,NFC East,AFC West,0,1,0,0,0,1,2025-09-14
0.71,0.478,0.001,KC,PHI,3.5,2025,2,0.001,AFC West,NFC East,0,0,0,0,0,0,2025-09-14
0.69,0.46799999999999997,0.001,IND,DEN,0.5,2025,2,0.001,AFC South,AFC West,0,0,0,0,0,1,2025-09-14
0.67,0.456,0.008,NE,MIA,1.0,2025,2,0.008,AFC East,AFC East,1,1,0,0,0,1,2025-09-14
0.62,0.409,0.001,NO,SF,0.0,2025,2,0.001,NFC South,NFC West,0,0,0,0,0,0,2025-09-14
0.62,0.42100000000000004,0.006,TB,HOU,2.5,2025,2,0.006,NFC South,AFC South,0,1,0,0,0,1,2025-09-15
0.59,0.39299999999999996,0.001,ATL,MIN,0.5,2025,2,0.001,NFC South,NFC North,0,1,0,0,0,1,2025-09-14
0.57,0.322,0.0,NYG,DAL,0.0,2025,2,0.0,NFC East,NFC East,1,1,0,0,0,0,2025-09-14
0.57,0.384,0.004,WAS,GB,1.5,2025,2,0.004,NFC East,NFC North,0,0,0,0,0,0,2025-09-11
0.57,0.374,0.001,LV,LAC,0.5,2025,2,0.001,AFC West,AFC West,1,0,0,0,0,0,2025-09-15
0.56,0.369,0.001,JAX,CIN,0.5,2025,2,0.001,AFC South,AFC North,0,1,0,0,0,0,2025-09-14
0.54,0.315,0.001,TEN,LAR,0.0,2025,2,0.001,AFC South,NFC West,0,0,0,0,0,0,2025-09-14
0.53,0.353,0.001,SEA,PIT,0.5,2025,2,0.001,NFC West,AFC North,0,1,0,0,0,1,2025-09-14
0.47,0.29600000000000004,0.0,NYJ,BUF,0.0,2025,2,0.0,AFC East,AFC East,1,0,0,0,0,0,2025-09-14
0.46,0.259,0.0,CAR,ARI,0.0,2025,2,0.0,NFC South,NFC West,0,1,0,0,0,0,2025-09-14
0.45,0.29,0.001,CHI,DET,1.0,2025,2,0.001,NFC North,NFC North,1,1,0,0,0,0,2025-09-14
0.31,0.13699999999999998,0.0,CLE,BAL,0.0,2025,2,0.0,AFC North,AFC North,1,1,0,0,0,0,2025-09-14
1.11,0.855,0.271,BUF,MIA,5.0,2025,3,0.271,AFC East,AFC East,1,0,0,0,0,1,2025-09-18
1.02,0.777,0.166,GB,CLE,1.5,2025,3,0.166,NFC North,AFC North,0,1,0,0,0,0,2025-09-21
0.99,0.727,0.067,KC,NYG,3.5,2025,3,0.067,AFC West,NFC East,0,1,0,0,0,1,2025-09-21
0.98,0.7609999999999999,0.19699999999999998,SEA,NO,0.0,2025,3,0.19699999999999998,NFC West,NFC South,0,0,0,0,0,1,2025-09-21
0.97,0.73,0.133,TB,NYJ,2.0,2025,3,0.133,NFC South,AFC East,0,0,0,0,0,1,2025-09-21
0.96,0.68,0.008,BAL,DET,4.5,2025,3,0.008,AFC North,NFC North,0,0,0,0,0,0,2025-09-22
0.95,0.6890000000000001,0.045,IND,TEN,0.0,2025,3,0.045,AFC South,AFC South,1,1,0,0,0,1,2025-09-21
0.91,0.667,0.054000000000000006,ATL,CAR,0.5,2025,3,0.054000000000000006,NFC South,NFC South,1,1,0,0,0,0,2025-09-21
0.91,0.645,0.004,PHI,LAR,3.5,2025,3,0.004,NFC East,NFC West,0,0,0,0,0,1,2025-09-21
0.86,0.608,0.004,MIN,CIN,0.5,2025,3,0.004,NFC North,AFC North,0,0,0,0,0,1,2025-09-21
0.81,0.58,0.01,WAS,LV,1.0,2025,3,0.01,NFC East,AFC West,0,0,0,0,0,0,2025-09-21
0.81,0.58,0.006999999999999999,LAC,DEN,1.5,2025,3,0.006999999999999999,AFC West,AFC West,1,0,0,0,0,1,2025-09-21
0.75,0.53,0.002,SF,ARI,2.0,2025,3,0.002,NFC West,NFC West,1,0,0,0,0,1,2025-09-21
0.75,0.532,0.011000000000000001,DAL,CHI,0.0,2025,3,0.011000000000000001,NFC East,NFC North,0,1,0,0,0,0,2025-09-21
0.74,0.522,0.001,JAX,HOU,0.5,2025,3,0.001,AFC South,AFC South,1,0,0,0,0,1,2025-09-21
0.72,0.51,0.006,PIT,NE,0.5,2025,3,0.006,AFC North,AFC East,0,1,0,0,0,1,2025-09-21
0.69,0.49,0.001,NE,PIT,1.0,2025,3,0.001,AFC East,AFC North,0,0,0,0,0,0,2025-09-21
0.67,0.46799999999999997,0.001,CHI,DAL,1.0,2025,3,0.001,NFC North,NFC East,0,0,0,0,0,1,2025-09-21
0.67,0.478,0.004,HOU,JAX,1.0,2025,3,0.004,AFC South,AFC South,1,1,0,0,0,0,2025-09-21
0.66,0.47,0.001,ARI,SF,0.5,2025,3,0.001,NFC West,NFC West,1,1,0,0,0,0,2025-09-21
0.6,0.42,0.0,DEN,LAC,2.5,2025,3,0.0,AFC West,AFC West,1,1,0,0,0,0,2025-09-21
0.6,0.42,0.001,LV,WAS,0.5,2025,3,0.001,AFC West,NFC East,0,1,0,0,0,0,2025-09-21
0.55,0.392,0.002,CIN,MIN,2.0,2025,3,0.002,AFC North,NFC North,0,1,0,0,0,0,2025-09-21
0.5,0.355,0.0,LAR,PHI,1.5,2025,3,0.0,NFC West,NFC East,0,1,0,0,0,0,2025-09-21
0.5,0.33299999999999996,0.0,CAR,ATL,0.0,2025,3,0.0,NFC South,NFC South,1,0,0,0,0,1,2025-09-21
0.46,0.311,0.0,TEN,IND,0.0,2025,3,0.0,AFC South,AFC South,1,0,0,0,0,0,2025-09-21
0.45,0.32,0.002,DET,BAL,2.0,2025,3,0.002,NFC North,AFC North,0,1,0,0,0,1,2025-09-22
0.44,0.27,0.0,NYJ,TB,0.0,2025,3,0.0,AFC East,NFC South,0,1,0,0,0,0,2025-09-21
0.43,0.239,0.0,NO,SEA,0.0,2025,3,0.0,NFC South,NFC West,0,1,0,0,0,0,2025-09-21
0.42,0.273,0.0,NYG,KC,0.0,2025,3,0.0,NFC East,AFC West,0,0,0,0,0,0,2025-09-21
0.39,0.223,0.0,CLE,GB,0.0,2025,3,0.0,AFC North,NFC North,0,0,0,0,0,1,2025-09-21
0.3,0.145,0.001,MIA,BUF,0.5,2025,3,0.001,AFC East,AFC East,1,1,0,0,0,0,2025-09-18
1.17,0.899,0.235,BUF,NO,5.0,2025,4,0.235,AFC East,NFC South,0,0,0,0,0,1,2025-09-28
1.04,0.782,0.069,DEN,CIN,1.5,2025,4,0.069,AFC West,AFC North,0,0,0,0,0,1,2025-09-29
1.01,0.813,0.256,DET,CLE,3.0,2025,4,0.256,NFC North,AFC North,0,0,0,0,0,1,2025-09-28
1.0,0.7659999999999999,0.125,HOU,TEN,1.0,2025,4,0.125,AFC South,AFC South,1,0,0,0,0,1,2025-09-28
0.99,0.737,0.044000000000000004,GB,DAL,3.0,2025,4,0.044000000000000004,NFC North,NFC East,0,1,0,0,0,0,2025-09-28
0.92,0.6809999999999999,0.033,NE,CAR,1.0,2025,4,0.033,AFC East,NFC South,0,0,0,0,0,1,2025-09-28
0.89,0.701,0.152,LAC,NYG,1.5,2025,4,0.152,AFC West,NFC East,0,1,0,0,0,0,2025-09-28
0.86,0.628,0.006,LAR,IND,4.0,2025,4,0.006,NFC West,AFC South,0,0,0,0,0,1,2025-09-28
0.86,0.633,0.003,PHI,TB,3.5,2025,4,0.003,NFC East,NFC South,0,1,0,0,0,1,2025-09-28
0.82,0.604,0.016,SF,JAX,1.5,2025,4,0.016,NFC West,AFC South,0,0,0,0,0,0,2025-09-28
0.8,0.586,0.008,MIA,NYJ,0.5,2025,4,0.008,AFC East,AFC East,1,0,0,0,0,1,2025-09-29
0.79,0.5770000000000001,0.001,ATL,WAS,1.0,2025,4,0.001,NFC South,NFC East,0,0,0,0,0,1,2025-09-28
0.78,0.569,0.001,BAL,KC,3.5,2025,4,0.001,AFC North,AFC West,0,1,0,0,0,0,2025-09-28
0.78,0.5720000000000001,0.004,MIN,PIT,0.5,2025,4,0.004,NFC North,AFC North,0,1,0,0,0,0,2025-09-28
0.75,0.55,0.001,LV,CHI,0.5,2025,4,0.001,AFC West,NFC North,0,0,0,0,0,0,2025-09-28
0.72,0.532,0.02,SEA,ARI,0.5,2025,4,0.02,NFC West,NFC West,1,1,0,0,0,1,2025-09-25
0.65,0.46799999999999997,0.002,ARI,SEA,1.0,2025,4,0.002,NFC West,NFC West,1,0,0,0,0,0,2025-09-25
0.61,0.45,0.006,CHI,LV,1.0,2025,4,0.006,NFC North,AFC West,0,1,0,0,0,1,2025-09-28
0.59,0.428,0.001,PIT,MIN,0.5,2025,4,0.001,AFC North,NFC North,0,0,0,0,0,1,2025-09-28
0.59,0.431,0.001,KC,BAL,2.0,2025,4,0.001,AFC West,AFC North,0,0,0,0,0,1,2025-09-28
0.57,0.414,0.002,NYJ,MIA,0.0,2025,4,0.002,AFC East,AFC East,1,1,0,0,0,0,2025-09-29
0.57,0.423,0.008,WAS,ATL,1.0,2025,4,0.008,NFC East,NFC South,0,0,0,0,0,0,2025-09-28
0.55,0.396,0.0,JAX,SF,0.5,2025,4,0.0,AFC South,NFC West,0,1,0,0,0,1,2025-09-28
0.51,0.37200000000000005,0.001,IND,LAR,1.5,2025,4,0.001,AFC South,NFC West,0,1,0,0,0,0,2025-09-28
0.5,0.36700000000000005,0.0,TB,PHI,1.5,2025,4,0.0,NFC South,NFC East,0,0,0,0,0,0,2025-09-28
0.48,0.299,0.0,NYG,LAC,0.0,2025,4,0.0,NFC East,AFC West,0,0,0,0,0,1,2025-09-28
0.45,0.319,0.001,CAR,NE,0.0,2025,4,0.001,NFC South,AFC East,0,1,0,0,0,0,2025-09-28
0.38,0.263,0.0,DAL,GB,0.5,2025,4,0.0,NFC East,NFC North,0,0,0,0,0,0,2025-09-28
0.37,0.23399999999999999,0.0,TEN,HOU,0.0,2025,4,0.0,AFC South,AFC South,1,1,0,0,0,0,2025-09-28
0.35,0.187,0.0,CLE,DET,0.0,2025,4,0.0,AFC North,NFC North,0,1,0,0,0,0,2025-09-28
0.32,0.218,0.001,CIN,DEN,1.0,2025,4,0.001,AFC North,AFC West,0,1,0,0,0,0,2025-09-29
0.2,0.10099999999999999,0.0,NO,BUF,0.0,2025,4,0.0,NFC South,AFC East,0,1,0,0,0,0,2025-09-28
1.12,0.7829999999999999,0.037000000000000005,BUF,NE,5.0,2025,5,0.037000000000000005,AFC East,AFC East,1,0,0,0,0,0,2025-10-05
1.09,0.813,0.209,DET,CIN,2.0,2025,5,0.209,NFC North,AFC North,0,1,0,0,0,1,2025-10-05
1.05,0.7859999999999999,0.182,LAR,SF,5.0,2025,5,0.182,NFC West,NFC West,1,0,0,0,0,0,2025-10-02
1.03,0.7809999999999999,0.20199999999999999,ARI,TEN,0.0,2025,5,0.20199999999999999,NFC West,AFC South,0,0,0,0,0,0,2025-10-05
0.99,0.7509999999999999,0.204,IND,LV,1.5,2025,5,0.204,AFC South,AFC West,0,0,0,0,0,1,2025-10-05
0.95,0.6629999999999999,0.018000000000000002,PHI,DEN,4.5,2025,5,0.018000000000000002,NFC East,AFC West,0,0,0,0,0,0,2025-10-05
0.92,0.634,0.002,SEA,TB,0.5,2025,5,0.002,NFC West,NFC South,0,0,0,0,0,0,2025-10-05
0.91,0.637,0.027000000000000003,KC,JAX,2.5,2025,5,0.027000000000000003,AFC West,AFC South,0,1,0,0,0,0,2025-10-06
0.9,0.635,0.035,MIN,CLE,0.5,2025,5,0.035,NFC North,AFC North,0,1,0,0,0,1,2025-10-05
0.87,0.602,0.01,LAC,WAS,1.5,2025,5,0.01,AFC West,NFC East,0,0,0,0,0,0,2025-10-05
0.82,0.556,0.003,NO,NYG,0.0,2025,5,0.003,NFC South,NFC East,0,0,0,0,0,1,2025-10-05
0.82,0.562,0.002,HOU,BAL,1.5,2025,5,0.002,AFC South,AFC North,0,1,0,0,0,1,2025-10-05
0.79,0.536,0.001,NYJ,DAL,0.0,2025,5,0.001,AFC East,NFC East,0,0,0,0,0,0,2025-10-05
0.75,0.518,0.006,MIA,CAR,0.5,2025,5,0.006,AFC East,NFC South,0,1,0,0,0,0,2025-10-05
0.7,0.48200000000000004,0.002,CAR,MIA,0.0,2025,5,0.002,NFC South,AFC East,0,0,0,0,0,1,2025-10-05
0.66,0.46399999999999997,0.026000000000000002,DAL,NYJ,0.0,2025,5,0.026000000000000002,NFC East,AFC East,0,1,0,0,0,1,2025-10-05
0.63,0.43799999999999994,0.004,BAL,HOU,3.5,2025,5,0.004,AFC North,AFC South,0,0,0,0,0,0,2025-10-05
0.63,0.444,0.022000000000000002,NYG,NO,0.0,2025,5,0.022000000000000002,NFC East,NFC South,0,1,0,0,0,0,2025-10-05
0.58,0.39799999999999996,0.0,WAS,LAC,1.0,2025,5,0.0,NFC East,AFC West,0,0,0,0,0,0,2025-10-05
0.55,0.365,0.001,CLE,MIN,0.0,2025,5,0.001,AFC North,NFC North,0,0,0,0,0,0,2025-10-05
0.54,0.363,0.003,JAX,KC,0.5,2025,5,0.003,AFC South,AFC West,0,0,0,0,0,1,2025-10-06
0.53,0.366,0.001,TB,SEA,2.0,2025,5,0.001,NFC South,NFC West,0,1,0,0,0,1,2025-10-05
0.5,0.337,0.0,DEN,PHI,2.5,2025,5,0.0,AFC West,NFC East,0,1,0,0,0,1,2025-10-05
0.46,0.249,0.0,LV,IND,0.5,2025,5,0.0,AFC West,AFC South,0,1,0,0,0,0,2025-10-05
0.41,0.21899999999999997,0.0,TEN,ARI,0.0,2025,5,0.0,AFC South,NFC West,0,1,0,0,0,1,2025-10-05
0.39,0.214,0.0,SF,LAR,2.0,2025,5,0.0,NFC West,NFC West,1,1,0,0,0,1,2025-10-02
0.36,0.187,0.0,CIN,DET,1.0,2025,5,0.0,AFC North,NFC North,0,0,0,0,0,0,2025-10-05
0.33,0.217,0.0,NE,BUF,1.0,2025,5,0.0,AFC East,AFC East,1,1,0,0,0,1,2025-10-05
1.11,0.88,0.33,GB,CIN,3.5,2025,6,0.33,NFC North,AFC North,0,0,0,0,0,1,2025-10-12
1.04,0.7809999999999999,0.075,IND,ARI,1.0,2025,6,0.075,AFC South,NFC West,0,0,0,0,0,1,2025-10-12
1.0,0.755,0.094,DEN,NYJ,2.0,2025,6,0.094,AFC West,AFC East,0,1,0,0,0,1,2025-10-12
0.99,0.733,0.044000000000000004,LAR,BAL,2.5,2025,6,0.044000000000000004,NFC West,AFC North,0,1,0,0,0,1,2025-10-12
0.96,0.769,0.22699999999999998,PHI,NYG,4.5,2025,6,0.22699999999999998,NFC East,NFC East,1,1,0,0,0,0,2025-10-09
0.95,0.7190000000000001,0.091,PIT,CLE,1.5,2025,6,0.091,AFC North,AFC North,1,0,0,0,0,1,2025-10-12
0.94,0.691,0.015,WAS,CHI,1.5,2025,6,0.015,NFC East,NFC North,0,0,0,0,0,0,2025-10-13
0.88,0.644,0.011000000000000001,BUF,ATL,4.5,2025,6,0.011000000000000001,AFC East,NFC South,0,1,0,0,0,0,2025-10-13
0.87,0.631,0.002,TB,SF,2.0,2025,6,0.002,NFC South,NFC West,0,0,0,0,0,1,2025-10-12
0.86,0.635,0.021,LV,TEN,0.0,2025,6,0.021,AFC West,AFC South,0,0,0,0,0,1,2025-10-12
0.85,0.623,0.019,LAC,MIA,1.5,2025,6,0.019,AFC West,AFC East,0,1,0,0,0,1,2025-10-12
0.83,0.621,0.045,NE,NO,1.5,2025,6,0.045,AFC East,NFC South,0,1,0,0,0,1,2025-10-12
0.8,0.591,0.02,DAL,CAR,0.0,2025,6,0.02,NFC East,NFC South,0,1,0,0,0,0,2025-10-12
0.79,0.574,0.001,KC,DET,5.0,2025,6,0.001,AFC West,NFC North,0,0,0,0,0,1,2025-10-12
0.71,0.516,0.001,SEA,JAX,1.0,2025,6,0.001,NFC West,AFC South,0,1,0,0,0,1,2025-10-12
0.67,0.484,0.001,JAX,SEA,1.0,2025,6,0.001,AFC South,NFC West,0,0,0,0,0,0,2025-10-12
0.59,0.426,0.001,DET,KC,3.0,2025,6,0.001,NFC North,AFC West,0,1,0,0,0,0,2025-10-12
0.57,0.409,0.0,CAR,DAL,0.5,2025,6,0.0,NFC South,NFC East,0,0,0,0,0,1,2025-10-12
0.54,0.379,0.0,NO,NE,0.0,2025,6,0.0,NFC South,AFC East,0,0,0,0,0,0,2025-10-12
0.53,0.377,0.0,MIA,LAC,0.5,2025,6,0.0,AFC East,AFC West,0,0,0,0,0,0,2025-10-12
0.51,0.369,0.0,SF,TB,1.5,2025,6,0.0,NFC West,NFC South,0,1,0,0,0,0,2025-10-12
0.51,0.365,0.001,TEN,LV,0.0,2025,6,0.001,AFC South,AFC West,0,1,0,0,0,0,2025-10-12
0.49,0.35600000000000004,0.0,ATL,BUF,1.0,2025,6,0.0,NFC South,AFC East,0,0,0,0,0,1,2025-10-13
0.43,0.281,0.0,CLE,PIT,0.5,2025,6,0.0,AFC North,AFC North,1,1,0,0,0,0,2025-10-12
0.43,0.309,0.001,CHI,WAS,1.0,2025,6,0.001,NFC North,NFC East,0,1,0,0,0,1,2025-10-13
0.42,0.231,0.0,NYG,PHI,0.0,2025,6,0.0,NFC East,NFC East,1,0,0,0,0,1,2025-10-09
0.39,0.267,0.0,BAL,LAR,3.5,2025,6,0.0,AFC North,NFC West,0,0,0,0,0,0,2025-10-12
0.38,0.245,0.0,NYJ,DEN,0.0,2025,6,0.0,AFC East,AFC West,0,0,0,0,0,0,2025-10-12
0.33,0.21899999999999997,0.0,ARI,IND,0.0,2025,6,0.0,NFC West,AFC South,0,1,0,0,0,0,2025-10-12
0.27,0.12,0.0,CIN,GB,0.5,2025,6,0.0,AFC North,NFC North,0,1,0,0,0,0,2025-10-12
1.17,0.779,0.039,DEN,NYG,1.0,2025,7,0.039,AFC West,NFC East,0,0,0,0,0,1,2025-10-19
1.12,0.745,0.032,GB,ARI,3.5,2025,7,0.032,NFC North,NFC West,0,1,0,0,0,1,2025-10-19
1.08,0.705,0.004,DET,TB,3.0,2025,7,0.004,NFC North,NFC South,0,0,0,0,0,1,2025-10-20
1.08,0.855,0.423,KC,LV,5.0,2025,7,0.423,AFC West,AFC West,1,0,0,0,0,1,2025-10-19
0.99,0.677,0.07,PIT,CIN,1.0,2025,7,0.07,AFC North,AFC North,1,1,0,0,0,0,2025-10-16
0.94,0.7140000000000001,0.222,NE,TEN,1.5,2025,7,0.222,AFC East,AFC South,0,1,0,0,0,1,2025-10-19
0.93,0.604,0.003,LAR,JAX,3.0,2025,7,0.003,NFC West,AFC South,0,1,0,0,0,1,2025-10-19
0.92,0.604,0.016,SEA,HOU,0.5,2025,7,0.016,NFC West,AFC South,0,0,0,0,0,1,2025-10-20
0.89,0.6509999999999999,0.14400000000000002,CHI,NO,0.5,2025,7,0.14400000000000002,NFC North,NFC South,0,0,0,0,0,1,2025-10-19
0.87,0.5670000000000001,0.003,PHI,MIN,3.5,2025,7,0.003,NFC East,NFC North,0,1,0,0,0,1,2025-10-19
0.87,0.5660000000000001,0.001,LAC,IND,1.5,2025,7,0.001,AFC West,AFC South,0,0,0,0,0,0,2025-10-19
0.86,0.563,0.009000000000000001,CLE,MIA,0.0,2025,7,0.009000000000000001,AFC North,AFC East,0,0,0,0,0,1,2025-10-19
0.82,0.532,0.002,DAL,WAS,0.0,2025,7,0.002,NFC East,NFC East,1,0,0,0,0,1,2025-10-19
0.79,0.51,0.001,ATL,SF,2.0,2025,7,0.001,NFC South,NFC West,0,1,0,0,0,0,2025-10-19
0.79,0.505,0.001,NYJ,CAR,0.0,2025,7,0.001,AFC East,NFC South,0,0,0,0,0,0,2025-10-19
0.75,0.49,0.004,SF,ATL,1.5,2025,7,0.004,NFC West,NFC South,0,0,0,0,0,1,2025-10-19
0.75,0.495,0.018000000000000002,CAR,NYJ,0.0,2025,7,0.018000000000000002,NFC South,AFC East,0,1,0,0,0,1,2025-10-19
0.72,0.46799999999999997,0.001,WAS,DAL,0.5,2025,7,0.001,NFC East,NFC East,1,0,0,0,0,0,2025-10-19
0.68,0.43700000000000006,0.001,MIA,CLE,0.5,2025,7,0.001,AFC East,AFC North,0,1,0,0,0,0,2025-10-19
0.67,0.433,0.0,MIN,PHI,0.5,2025,7,0.0,NFC North,NFC East,0,0,0,0,0,0,2025-10-19
0.67,0.434,0.001,IND,LAC,1.5,2025,7,0.001,AFC South,AFC West,0,1,0,0,0,1,2025-10-19
0.65,0.349,0.0,NO,CHI,0.0,2025,7,0.0,NFC South,NFC North,0,1,0,0,0,0,2025-10-19
0.62,0.396,0.001,HOU,SEA,1.0,2025,7,0.001,AFC South,NFC West,0,1,0,0,0,0,2025-10-20
0.61,0.396,0.001,JAX,LAR,1.0,2025,7,0.001,AFC South,NFC West,0,0,0,0,0,0,2025-10-19
0.6,0.28600000000000003,0.0,TEN,NE,0.0,2025,7,0.0,AFC South,AFC East,0,0,0,0,0,0,2025-10-19
0.55,0.32299999999999995,0.0,CIN,PIT,1.0,2025,7,0.0,AFC North,AFC North,1,0,0,0,0,1,2025-10-16
0.46,0.295,0.001,TB,DET,1.5,2025,7,0.001,NFC South,NFC North,0,1,0,0,0,0,2025-10-20
0.46,0.145,0.0,LV,KC,0.0,2025,7,0.0,AFC West,AFC West,1,1,0,0,0,0,2025-10-19
0.42,0.255,0.0,ARI,GB,0.0,2025,7,0.0,NFC West,NFC North,0,0,0,0,0,0,2025-10-19
0.37,0.221,0.0,NYG,DEN,0.0,2025,7,0.0,NFC East,AFC West,0,1,0,0,0,0,2025-10-19
1.17,0.9009999999999999,0.304,IND,TEN,1.0,2025,8,0.304,AFC South,AFC South,1,0,0,0,0,1,2025-10-26
1.12,0.8170000000000001,0.052000000000000005,KC,WAS,5.0,2025,8,0.052000000000000005,AFC West,NFC East,0,0,0,0,0,1,2025-10-27
1.05,0.765,0.027999999999999997,BUF,CAR,4.0,2025,8,0.027999999999999997,AFC East,NFC South,0,1,0,0,0,1,2025-10-26
1.04,0.757,0.037000000000000005,PHI,NYG,3.0,2025,8,0.037000000000000005,NFC East,NFC East,1,0,0,0,0,1,2025-10-26
1.0,0.746,0.08199999999999999,NE,CLE,2.5,2025,8,0.08199999999999999,AFC East,AFC North,0,0,0,0,0,1,2025-10-26
0.93,0.743,0.226,ATL,MIA,1.0,2025,8,0.226,NFC South,AFC East,0,0,0,0,0,0,2025-10-26
0.91,0.655,0.001,DEN,DAL,1.0,2025,8,0.001,AFC West,NFC East,0,0,0,0,0,1,2025-10-26
0.87,0.6459999999999999,0.067,TB,NO,2.0,2025,8,0.067,NFC South,NFC South,1,1,0,0,0,1,2025-10-26
0.87,0.6890000000000001,0.174,CIN,NYJ,0.0,2025,8,0.174,AFC North,AFC East,0,0,0,0,0,0,2025-10-26
0.85,0.613,0.006999999999999999,LAC,MIN,2.0,2025,8,0.006999999999999999,AFC West,NFC North,0,0,0,0,0,1,2025-10-23
0.82,0.586,0.0,HOU,SF,1.5,2025,8,0.0,AFC South,NFC West,0,0,0,0,0,1,2025-10-26
0.8,0.5710000000000001,0.002,BAL,CHI,5.0,2025,8,0.002,AFC North,NFC North,0,0,0,0,0,1,2025-10-26
0.8,0.574,0.002,GB,PIT,3.5,2025,8,0.002,NFC North,AFC North,0,1,0,0,0,1,2025-10-26
0.6,0.429,0.004,CHI,BAL,1.0,2025,8,0.004,NFC North,AFC North,0,1,0,0,0,0,2025-10-26
0.59,0.426,0.002,PIT,GB,1.0,2025,8,0.002,AFC North,NFC North,0,0,0,0,0,0,2025-10-26
0.57,0.414,0.006,SF,HOU,1.5,2025,8,0.006,NFC West,AFC South,0,1,0,0,0,0,2025-10-26
0.54,0.387,0.001,MIN,LAC,0.0,2025,8,0.001,NFC North,AFC West,0,1,0,0,0,0,2025-10-23
0.53,0.354,0.0,NO,TB,0.0,2025,8,0.0,NFC South,NFC South,1,0,0,0,0,0,2025-10-26
0.52,0.311,0.0,NYJ,CIN,0.0,2025,8,0.0,AFC East,AFC North,0,1,0,0,0,1,2025-10-26
0.48,0.345,0.001,DAL,DEN,0.0,2025,8,0.001,NFC East,AFC West,0,1,0,0,0,0,2025-10-26
0.46,0.257,0.0,MIA,ATL,0.0,2025,8,0.0,AFC East,NFC South,0,1,0,0,0,1,2025-10-26
0.39,0.254,0.0,CLE,NE,0.0,2025,8,0.0,AFC North,AFC East,0,1,0,0,0,0,2025-10-26
0.35,0.243,0.0,NYG,PHI,0.0,2025,8,0.0,NFC East,NFC East,1,1,0,0,0,0,2025-10-26
0.34,0.235,0.0,CAR,BUF,0.0,2025,8,0.0,NFC South,AFC East,0,0,0,0,0,0,2025-10-26
0.27,0.183,0.003,WAS,KC,1.0,2025,8,0.003,NFC East,AFC West,0,0,0,0,0,0,2025-10-27
0.23,0.099,0.0,TEN,IND,0.0,2025,8,0.0,AFC South,AFC South,1,1,0,0,0,0,2025-10-26
1.1,0.857,0.10800000000000001,GB,CAR,2.5,2025,9,0.10800000000000001,NFC North,NFC South,0,0,0,0,0,0,2025-11-02
1.05,0.804,0.03,DET,MIN,5.0,2025,9,0.03,NFC North,NFC North,1,0,0,0,0,0,2025-11-02
1.02,0.887,0.466,LAR,NO,3.0,2025,9,0.466,NFC West,NFC South,0,0,0,0,0,1,2025-11-02
1.0,0.784,0.08199999999999999,BAL,MIA,4.0,2025,9,0.08199999999999999,AFC North,AFC East,0,1,0,0,0,1,2025-10-30
0.97,0.8109999999999999,0.254,LAC,TEN,1.0,2025,9,0.254,AFC West,AFC South,0,1,0,0,0,1,2025-11-02
0.89,0.679,0.011000000000000001,NE,ATL,1.5,2025,9,0.011000000000000001,AFC East,NFC South,0,0,0,0,0,1,2025-11-02
0.81,0.615,0.02,DAL,ARI,0.0,2025,9,0.02,NFC East,NFC West,0,0,0,0,0,0,2025-11-03
0.8,0.603,0.002,IND,PIT,1.5,2025,9,0.002,AFC South,AFC North,0,1,0,0,0,0,2025-11-02
0.78,0.588,0.001,CHI,CIN,0.5,2025,9,0.001,NFC North,AFC North,0,1,0,0,0,1,2025-11-02
0.76,0.5710000000000001,0.004,SEA,WAS,2.0,2025,9,0.004,NFC West,NFC East,0,1,0,0,0,1,2025-11-02
0.73,0.5579999999999999,0.01,SF,NYG,1.0,2025,9,0.01,NFC West,NFC East,0,1,0,0,0,1,2025-11-02
0.73,0.5529999999999999,0.0,KC,BUF,5.0,2025,9,0.0,AFC West,AFC East,0,1,0,0,0,0,2025-11-02
0.73,0.5529999999999999,0.0,HOU,DEN,1.0,2025,9,0.0,AFC South,AFC West,0,0,0,0,0,0,2025-11-02
0.71,0.5429999999999999,0.009000000000000001,JAX,LV,1.5,2025,9,0.009000000000000001,AFC South,AFC West,0,1,0,0,0,1,2025-11-02
0.61,0.457,0.0,LV,JAX,0.0,2025,9,0.0,AFC West,AFC South,0,0,0,0,0,0,2025-11-02
0.59,0.447,0.0,BUF,KC,4.0,2025,9,0.0,AFC East,AFC West,0,0,0,0,0,1,2025-11-02
0.59,0.442,0.0,NYG,SF,0.0,2025,9,0.0,NFC East,NFC West,0,0,0,0,0,0,2025-11-02
0.59,0.447,0.002,DEN,HOU,1.5,2025,9,0.002,AFC West,AFC South,0,1,0,0,0,1,2025-11-02
0.57,0.429,0.001,WAS,SEA,0.5,2025,9,0.001,NFC East,NFC West,0,0,0,0,0,0,2025-11-02
0.55,0.41200000000000003,0.001,CIN,CHI,0.0,2025,9,0.001,AFC North,NFC North,0,0,0,0,0,0,2025-11-02
0.53,0.397,0.0,PIT,IND,1.0,2025,9,0.0,AFC North,AFC South,0,0,0,0,0,1,2025-11-02
0.52,0.385,0.001,ARI,DAL,0.0,2025,9,0.001,NFC West,NFC East,0,1,0,0,0,1,2025-11-03
0.43,0.321,0.0,ATL,NE,1.0,2025,9,0.0,NFC South,AFC East,0,1,0,0,0,0,2025-11-02
0.36,0.18899999999999997,0.0,TEN,LAC,0.0,2025,9,0.0,AFC South,AFC West,0,0,0,0,0,0,2025-11-02
0.32,0.21600000000000003,0.0,MIA,BAL,0.0,2025,9,0.0,AFC East,AFC North,0,0,0,0,0,0,2025-10-30
0.31,0.113,0.001,NO,LAR,0.0,2025,9,0.001,NFC South,NFC West,0,1,0,0,0,0,2025-11-02
0.27,0.196,0.0,MIN,DET,0.0,2025,9,0.0,NFC North,NFC North,1,1,0,0,0,1,2025-11-02
0.23,0.14300000000000002,0.0,CAR,GB,0.5,2025,9,0.0,NFC South,NFC North,0,1,0,0,0,1,2025-11-02
1.14,0.7829999999999999,0.083,DET,WAS,3.5,2025,10,0.083,NFC North,NFC East,0,1,0,0,0,1,2025-11-09
1.11,0.782,0.124,BUF,MIA,4.5,2025,10,0.124,AFC East,AFC East,1,1,0,0,0,0,2025-11-09
1.06,0.755,0.14400000000000002,SEA,ARI,2.5,2025,10,0.14400000000000002,NFC West,NFC West,1,0,0,0,0,1,2025-11-09
1.06,0.7859999999999999,0.23199999999999998,DEN,LV,0.5,2025,10,0.23199999999999998,AFC West,AFC West,1,0,0,0,0,1,2025-11-06
1.06,0.708,0.023,IND,ATL,1.0,2025,10,0.023,AFC South,NFC South,0,0,0,0,0,1,2025-11-09
1.05,0.698,0.002,LAR,SF,3.5,2025,10,0.002,NFC West,NFC West,1,1,0,0,0,1,2025-11-09
1.01,0.674,0.011000000000000001,BAL,MIN,5.0,2025,10,0.011000000000000001,AFC North,NFC North,0,1,0,0,0,1,2025-11-09
0.98,0.662,0.037000000000000005,CHI,NYG,0.5,2025,10,0.037000000000000005,NFC North,NFC East,0,0,0,0,0,1,2025-11-09
0.95,0.63,0.004,LAC,PIT,1.0,2025,10,0.004,AFC West,AFC North,0,0,0,0,0,1,2025-11-09
0.86,0.682,0.278,CAR,NO,0.0,2025,10,0.278,NFC South,NFC South,1,0,0,0,0,0,2025-11-09
0.86,0.579,0.017,TB,NE,2.0,2025,10,0.017,NFC South,AFC East,0,0,0,0,0,0,2025-11-09
0.81,0.5429999999999999,0.012,CLE,NYJ,0.5,2025,10,0.012,AFC North,AFC East,0,1,0,0,0,0,2025-11-09
0.76,0.5,0.0,GB,PHI,2.5,2025,10,0.0,NFC North,NFC East,0,0,0,0,0,0,2025-11-10
0.76,0.511,0.02,HOU,JAX,1.5,2025,10,0.02,AFC South,AFC South,1,0,0,0,0,1,2025-11-09
0.75,0.5,0.003,PHI,GB,3.5,2025,10,0.003,NFC East,NFC North,0,1,0,0,0,1,2025-11-10
0.75,0.489,0.003,JAX,HOU,1.5,2025,10,0.003,AFC South,AFC South,1,1,0,0,0,0,2025-11-09
0.69,0.457,0.004,NYJ,CLE,0.0,2025,10,0.004,AFC East,AFC North,0,0,0,0,0,1,2025-11-09
0.65,0.318,0.0,NO,CAR,0.0,2025,10,0.0,NFC South,NFC South,1,1,0,0,0,1,2025-11-09
0.65,0.42100000000000004,0.0,NE,TB,4.0,2025,10,0.0,AFC East,NFC South,0,1,0,0,0,1,2025-11-09
0.56,0.37,0.001,PIT,LAC,1.0,2025,10,0.001,AFC North,AFC West,0,1,0,0,0,0,2025-11-09
0.53,0.33799999999999997,0.001,NYG,CHI,0.0,2025,10,0.001,NFC East,NFC North,0,1,0,0,0,0,2025-11-09
0.5,0.326,0.0,MIN,BAL,0.5,2025,10,0.0,NFC North,AFC North,0,0,0,0,0,0,2025-11-09
0.46,0.302,0.001,SF,LAR,2.0,2025,10,0.001,NFC West,NFC West,1,0,0,0,0,0,2025-11-09
0.45,0.245,0.0,ARI,SEA,0.0,2025,10,0.0,NFC West,NFC West,1,1,0,0,0,0,2025-11-09
0.45,0.292,0.006999999999999999,ATL,IND,1.0,2025,10,0.006999999999999999,NFC South,AFC South,0,1,0,0,0,0,2025-11-09
0.44,0.214,0.002,LV,DEN,0.0,2025,10,0.002,AFC West,AFC West,1,1,0,0,0,0,2025-11-06
0.39,0.218,0.002,MIA,BUF,0.5,2025,10,0.002,AFC East,AFC East,1,0,0,0,0,1,2025-11-09
0.37,0.217,0.0,WAS,DET,0.0,2025,10,0.0,NFC East,NFC North,0,0,0,0,0,0,2025-11-09
1.07,0.77,0.067,GB,NYG,1.5,2025,11,0.067,NFC North,NFC East,0,1,0,0,0,1,2025-11-16
1.04,0.725,0.008,BUF,TB,4.5,2025,11,0.008,AFC East,NFC South,0,0,0,0,0,1,2025-11-16
1.04,0.857,0.433,NE,NYJ,2.5,2025,11,0.433,AFC East,AFC East,1,0,0,0,0,1,2025-11-13
1.03,0.7809999999999999,0.18,BAL,CLE,4.5,2025,11,0.18,AFC North,AFC North,1,1,0,0,0,1,2025-11-16
0.96,0.685,0.04,PIT,CIN,0.5,2025,11,0.04,AFC North,AFC North,1,0,0,0,0,1,2025-11-16
0.95,0.664,0.011000000000000001,ATL,CAR,0.5,2025,11,0.011000000000000001,NFC South,NFC South,1,0,0,0,0,0,2025-11-16
0.94,0.655,0.003,KC,DEN,5.0,2025,11,0.003,AFC West,AFC West,1,1,0,0,0,0,2025-11-16
0.89,0.631,0.031,SF,ARI,2.0,2025,11,0.031,NFC West,NFC West,1,1,0,0,0,1,2025-11-16
0.89,0.636,0.040999999999999995,DAL,LV,0.5,2025,11,0.040999999999999995,NFC East,AFC West,0,1,0,0,0,1,2025-11-17
0.89,0.688,0.16,HOU,TEN,0.5,2025,11,0.16,AFC South,AFC South,1,1,0,0,0,1,2025-11-16
0.88,0.613,0.001,LAR,SEA,4.0,2025,11,0.001,NFC West,NFC West,1,0,0,0,0,1,2025-11-16
0.84,0.586,0.004,MIN,CHI,0.0,2025,11,0.004,NFC North,NFC North,1,0,0,0,0,0,2025-11-16
0.81,0.5660000000000001,0.011000000000000001,MIA,WAS,0.5,2025,11,0.011000000000000001,AFC East,NFC East,0,0,0,0,0,1,2025-11-16
0.81,0.562,0.001,PHI,DET,3.0,2025,11,0.001,NFC East,NFC North,0,0,0,0,0,1,2025-11-16
0.81,0.5710000000000001,0.009000000000000001,LAC,JAX,1.0,2025,11,0.009000000000000001,AFC West,AFC South,0,1,0,0,0,0,2025-11-16
0.63,0.43799999999999994,0.0,DET,PHI,3.5,2025,11,0.0,NFC North,NFC East,0,1,0,0,0,0,2025-11-16
0.63,0.434,0.005,WAS,MIA,0.0,2025,11,0.005,NFC East,AFC East,0,0,0,0,0,0,2025-11-16
0.62,0.429,0.0,JAX,LAC,2.0,2025,11,0.0,AFC South,AFC West,0,0,0,0,0,1,2025-11-16
0.6,0.414,0.001,CHI,MIN,0.5,2025,11,0.001,NFC North,NFC North,1,1,0,0,0,1,2025-11-16
0.56,0.387,0.0,SEA,LAR,2.5,2025,11,0.0,NFC West,NFC West,1,1,0,0,0,0,2025-11-16
0.55,0.369,0.0,ARI,SF,0.0,2025,11,0.0,NFC West,NFC West,1,0,0,0,0,0,2025-11-16
0.55,0.364,0.0,LV,DAL,0.5,2025,11,0.0,AFC West,NFC East,0,0,0,0,0,0,2025-11-17
0.54,0.312,0.0,TEN,HOU,0.0,2025,11,0.0,AFC South,AFC South,1,0,0,0,0,0,2025-11-16
0.5,0.345,0.0,DEN,KC,0.5,2025,11,0.0,AFC West,AFC West,1,0,0,0,0,1,2025-11-16
0.49,0.336,0.0,CAR,ATL,0.0,2025,11,0.0,NFC South,NFC South,1,1,0,0,0,1,2025-11-16
0.48,0.315,0.0,CIN,PIT,0.0,2025,11,0.0,AFC North,AFC North,1,1,0,0,0,0,2025-11-16
0.41,0.21899999999999997,0.0,CLE,BAL,0.0,2025,11,0.0,AFC North,AFC North,1,0,0,0,0,0,2025-11-16
0.4,0.275,0.0,TB,BUF,2.0,2025,11,0.0,NFC South,AFC East,0,1,0,0,0,0,2025-11-16
0.4,0.14300000000000002,0.002,NYJ,NE,0.0,2025,11,0.002,AFC East,AFC East,1,1,0,0,0,0,2025-11-13
0.37,0.23,0.0,NYG,GB,0.0,2025,11,0.0,NFC East,NFC North,0,0,0,0,0,0,2025-11-16
1.1,0.88,0.107,DET,NYG,2.0,2025,12,0.107,NFC North,NFC East,0,0,0,0,0,1,2025-11-23
1.07,0.887,0.265,BAL,NYJ,2.0,2025,12,0.265,AFC North,AFC East,0,0,0,0,0,1,2025-11-23
1.01,0.857,0.28,SEA,TEN,3.0,2025,12,0.28,NFC West,AFC South,0,1,0,0,0,1,2025-11-23
0.96,0.753,0.006999999999999999,LAR,TB,4.5,2025,12,0.006999999999999999,NFC West,NFC South,0,0,0,0,0,1,2025-11-23
0.96,0.757,0.028999999999999998,NE,CIN,2.5,2025,12,0.028999999999999998,AFC East,AFC North,0,1,0,0,0,1,2025-11-23
0.9,0.71,0.011000000000000001,GB,MIN,1.5,2025,12,0.011000000000000001,NFC North,NFC North,1,0,0,0,0,1,2025-11-23
0.89,0.765,0.23800000000000002,SF,CAR,2.0,2025,12,0.23800000000000002,NFC West,NFC South,0,0,0,0,0,1,2025-11-24
0.86,0.6779999999999999,0.018000000000000002,BUF,HOU,5.0,2025,12,0.018000000000000002,AFC East,AFC South,0,1,0,0,0,0,2025-11-20
0.85,0.6679999999999999,0.005,KC,IND,4.5,2025,12,0.005,AFC West,AFC South,0,0,0,0,0,1,2025-11-23
0.76,0.599,0.009000000000000001,LV,CLE,0.0,2025,12,0.009000000000000001,AFC West,AFC North,0,0,0,0,0,0,2025-11-23
0.73,0.574,0.008,CHI,PIT,0.5,2025,12,0.008,NFC North,AFC North,0,0,0,0,0,1,2025-11-23
0.73,0.58,0.013000000000000001,PHI,DAL,3.5,2025,12,0.013000000000000001,NFC East,NFC East,1,1,0,0,0,0,2025-11-23
0.69,0.544,0.02,JAX,ARI,3.0,2025,12,0.02,AFC South,NFC West,0,1,0,0,0,1,2025-11-23
0.67,0.526,0.001,NO,ATL,0.0,2025,12,0.001,NFC South,NFC South,1,0,0,0,0,0,2025-11-23
0.6,0.474,0.005,ATL,NO,0.5,2025,12,0.005,NFC South,NFC South,1,1,0,0,0,1,2025-11-23
0.59,0.456,0.0,ARI,JAX,0.0,2025,12,0.0,NFC West,AFC South,0,0,0,0,0,0,2025-11-23
0.55,0.426,0.001,PIT,CHI,0.5,2025,12,0.001,AFC North,NFC North,0,1,0,0,0,0,2025-11-23
0.54,0.42,0.0,DAL,PHI,0.5,2025,12,0.0,NFC East,NFC East,1,0,0,0,0,1,2025-11-23
0.52,0.401,0.002,CLE,LV,0.5,2025,12,0.002,AFC North,AFC West,0,1,0,0,0,1,2025-11-23
0.43,0.332,0.0,IND,KC,1.0,2025,12,0.0,AFC South,AFC West,0,1,0,0,0,0,2025-11-23
0.42,0.322,0.0,HOU,BUF,0.5,2025,12,0.0,AFC South,AFC East,0,0,0,0,0,1,2025-11-20
0.39,0.235,0.0,CAR,SF,0.0,2025,12,0.0,NFC South,NFC West,0,1,0,0,0,0,2025-11-24
0.37,0.29,0.0,MIN,GB,0.0,2025,12,0.0,NFC North,NFC North,1,1,0,0,0,0,2025-11-23
0.32,0.247,0.0,TB,LAR,2.0,2025,12,0.0,NFC South,NFC West,0,1,0,0,0,0,2025-11-23
0.32,0.243,0.002,CIN,NE,0.0,2025,12,0.002,AFC North,AFC East,0,0,0,0,0,0,2025-11-23
0.27,0.14300000000000002,0.0,TEN,SEA,0.0,2025,12,0.0,AFC South,NFC West,0,0,0,0,0,0,2025-11-23
0.21,0.113,0.0,NYJ,BAL,0.0,2025,12,0.0,AFC East,AFC North,0,1,0,0,0,0,2025-11-23
0.18,0.12,0.002,NYG,DET,0.0,2025,12,0.002,NFC East,NFC North,0,1,0,0,0,0,2025-11-23
1.18,0.852,0.053,SEA,MIN,3.5,2025,13,0.053,NFC West,NFC North,0,0,0,0,0,1,2025-11-30
1.11,0.809,0.075,LAR,CAR,5.0,2025,13,0.075,NFC West,NFC South,0,1,0,0,0,0,2025-11-30
1.08,0.773,0.015,BAL,CIN,2.0,2025,13,0.015,AFC North,AFC North,1,0,0,0,0,0,2025-11-27
1.04,0.747,0.017,NE,NYG,2.0,2025,13,0.017,AFC East,NFC East,0,0,0,0,0,1,2025-12-01
1.04,0.757,0.053,PHI,CHI,4.5,2025,13,0.053,NFC East,NFC North,0,0,0,0,0,0,2025-11-28
1.0,0.7140000000000001,0.018000000000000002,DEN,WAS,2.5,2025,13,0.018000000000000002,AFC West,NFC East,0,1,0,0,0,1,2025-11-30
0.93,0.685,0.057999999999999996,SF,CLE,2.0,2025,13,0.057999999999999996,NFC West,AFC North,0,1,0,0,0,1,2025-11-30
0.93,0.807,0.451,LAC,LV,0.0,2025,13,0.451,AFC West,AFC West,1,0,0,0,0,1,2025-11-30
0.92,0.659,0.013999999999999999,TB,ARI,4.0,2025,13,0.013999999999999999,NFC South,NFC West,0,0,0,0,0,1,2025-11-30
0.92,0.691,0.09,MIA,NO,0.5,2025,13,0.09,AFC East,NFC South,0,0,0,0,0,1,2025-11-30
0.9,0.71,0.185,JAX,TEN,2.5,2025,13,0.185,AFC South,AFC South,1,1,0,0,0,1,2025-11-30
0.88,0.629,0.003,KC,DAL,4.5,2025,13,0.003,AFC West,NFC East,0,1,0,0,0,0,2025-11-27
0.85,0.608,0.001,BUF,PIT,4.0,2025,13,0.001,AFC East,AFC North,0,1,0,0,0,1,2025-11-30
0.85,0.601,0.001,DET,GB,2.0,2025,13,0.001,NFC North,NFC North,1,0,0,0,0,0,2025-11-27
0.85,0.602,0.002,IND,HOU,0.5,2025,13,0.002,AFC South,AFC South,1,0,0,0,0,0,2025-11-30
0.84,0.596,0.006999999999999999,ATL,NYJ,0.5,2025,13,0.006999999999999999,NFC South,AFC East,0,1,0,0,0,0,2025-11-30
0.57,0.40399999999999997,0.0,NYJ,ATL,0.0,2025,13,0.0,AFC East,NFC South,0,0,0,0,0,1,2025-11-30
0.56,0.39899999999999997,0.0,GB,DET,2.0,2025,13,0.0,NFC North,NFC North,1,1,0,0,0,1,2025-11-27
0.56,0.39799999999999996,0.0,HOU,IND,2.0,2025,13,0.0,AFC South,AFC South,1,1,0,0,0,1,2025-11-30
0.55,0.392,0.0,PIT,BUF,0.5,2025,13,0.0,AFC North,AFC East,0,0,0,0,0,0,2025-11-30
0.52,0.371,0.001,DAL,KC,1.0,2025,13,0.001,NFC East,AFC West,0,0,0,0,0,1,2025-11-27
0.51,0.29,0.0,TEN,JAX,0.0,2025,13,0.0,AFC South,AFC South,1,0,0,0,0,0,2025-11-30
0.49,0.341,0.0,ARI,TB,0.0,2025,13,0.0,NFC West,NFC South,0,1,0,0,0,0,2025-11-30
0.48,0.309,0.0,NO,MIA,0.0,2025,13,0.0,NFC South,AFC East,0,1,0,0,0,0,2025-11-30
0.48,0.193,0.0,LV,LAC,0.0,2025,13,0.0,AFC West,AFC West,1,1,0,0,0,0,2025-11-30
0.47,0.315,0.0,CLE,SF,0.5,2025,13,0.0,AFC North,NFC West,0,0,0,0,0,0,2025-11-30
0.41,0.28600000000000003,0.0,WAS,DEN,0.0,2025,13,0.0,NFC East,AFC West,0,0,0,0,0,0,2025-11-30
0.37,0.243,0.0,CHI,PHI,0.5,2025,13,0.0,NFC North,NFC East,0,1,0,0,0,1,2025-11-28
0.36,0.253,0.0,NYG,NE,0.0,2025,13,0.0,NFC East,AFC East,0,1,0,0,0,0,2025-12-01
0.33,0.22699999999999998,0.0,CIN,BAL,0.5,2025,13,0.0,AFC North,AFC North,1,1,0,0,0,1,2025-11-27
0.3,0.191,0.001,CAR,LAR,0.0,2025,13,0.001,NFC South,NFC West,0,0,0,0,0,1,2025-11-30
0.23,0.14800000000000002,0.002,MIN,SEA,0.0,2025,13,0.002,NFC North,NFC West,0,1,0,0,0,0,2025-11-30
1.31,0.7959999999999999,0.057,LAR,ARI,4.5,2025,14,0.057,NFC West,NFC West,1,1,0,0,0,1,2025-12-07
1.28,0.78,0.061,DEN,LV,0.5,2025,14,0.061,AFC West,AFC West,1,1,0,0,0,1,2025-12-07
1.24,0.73,0.011000000000000001,GB,CHI,1.5,2025,14,0.011000000000000001,NFC North,NFC North,1,0,0,0,0,1,2025-12-07
1.22,0.733,0.037000000000000005,SEA,ATL,5.0,2025,14,0.037000000000000005,NFC West,NFC South,0,1,0,0,0,1,2025-12-07
1.19,0.705,0.011000000000000001,BAL,PIT,0.5,2025,14,0.011000000000000001,AFC North,AFC North,1,0,0,0,0,0,2025-12-07
1.18,0.7090000000000001,0.027999999999999997,BUF,CIN,4.5,2025,14,0.027999999999999997,AFC East,AFC North,0,0,0,0,0,1,2025-12-07
1.12,0.664,0.016,KC,HOU,5.0,2025,14,0.016,AFC West,AFC South,0,0,0,0,0,0,2025-12-07
1.07,0.627,0.003,DET,DAL,1.5,2025,14,0.003,NFC North,NFC East,0,0,0,0,0,1,2025-12-04
0.97,0.5670000000000001,0.001,IND,JAX,0.0,2025,14,0.001,AFC South,AFC South,1,1,0,0,0,0,2025-12-07
0.94,0.5710000000000001,0.027999999999999997,MIA,NYJ,0.0,2025,14,0.027999999999999997,AFC East,AFC East,1,1,0,0,0,1,2025-12-07
0.9,0.639,0.184,CLE,TEN,0.0,2025,14,0.184,AFC North,AFC South,0,0,0,0,0,0,2025-12-07
0.87,0.508,0.002,MIN,WAS,0.0,2025,14,0.002,NFC North,NFC East,0,0,0,0,0,1,2025-12-07
0.86,0.765,0.578,TB,NO,1.5,2025,14,0.578,NFC South,NFC South,1,0,0,0,0,0,2025-12-07
0.86,0.515,0.015,PHI,LAC,5.0,2025,14,0.015,NFC East,AFC West,0,1,0,0,0,0,2025-12-08
0.84,0.235,0.002,NO,TB,0.5,2025,14,0.002,NFC South,NFC South,1,1,0,0,0,1,2025-12-07
0.84,0.485,0.0,LAC,PHI,0.0,2025,14,0.0,AFC West,NFC East,0,0,0,0,0,1,2025-12-08
0.83,0.49200000000000005,0.009000000000000001,WAS,MIN,0.0,2025,14,0.009000000000000001,NFC East,NFC North,0,0,0,0,0,0,2025-12-07
0.8,0.361,0.0,TEN,CLE,0.0,2025,14,0.0,AFC South,AFC North,0,1,0,0,0,1,2025-12-07
0.76,0.429,0.001,NYJ,MIA,0.0,2025,14,0.001,AFC East,AFC East,1,0,0,0,0,0,2025-12-07
0.74,0.433,0.004,JAX,IND,4.0,2025,14,0.004,AFC South,AFC South,1,0,0,0,0,1,2025-12-07
0.64,0.373,0.002,DAL,DET,1.5,2025,14,0.002,NFC East,NFC North,0,1,0,0,0,0,2025-12-04
0.59,0.336,0.001,HOU,KC,3.5,2025,14,0.001,AFC South,AFC West,0,1,0,0,0,1,2025-12-07
0.52,0.29100000000000004,0.0,CIN,BUF,1.0,2025,14,0.0,AFC North,AFC East,0,1,0,0,0,0,2025-12-07
0.51,0.295,0.0,PIT,BAL,0.5,2025,14,0.0,AFC North,AFC North,1,1,0,0,0,1,2025-12-07
0.49,0.267,0.002,ATL,SEA,0.5,2025,14,0.002,NFC South,NFC West,0,0,0,0,0,0,2025-12-07
0.47,0.27,0.001,CHI,GB,1.5,2025,14,0.001,NFC North,NFC North,1,1,0,0,0,0,2025-12-07
0.43,0.22,0.0,LV,DEN,0.0,2025,14,0.0,AFC West,AFC West,1,0,0,0,0,0,2025-12-07
0.39,0.204,0.001,ARI,LAR,0.0,2025,14,0.001,NFC West,NFC West,1,0,0,0,0,0,2025-12-07
1.03,0.853,0.017,SEA,IND,1.0,2025,15,0.017,NFC West,AFC South,0,0,0,0,0,1,2025-12-14
1.0,0.872,0.22699999999999998,JAX,NYJ,0.5,2025,15,0.22699999999999998,AFC South,AFC East,0,0,0,0,0,1,2025-12-14
0.98,0.86,0.261,PHI,LV,2.5,2025,15,0.261,NFC East,AFC West,0,0,0,0,0,1,2025-12-14
0.97,0.8109999999999999,0.057,HOU,ARI,3.5,2025,15,0.057,AFC South,NFC West,0,0,0,0,0,1,2025-12-14
0.96,0.858,0.318,SF,TEN,1.5,2025,15,0.318,NFC West,AFC South,0,0,0,0,0,1,2025-12-14
0.88,0.757,0.106,CHI,CLE,0.0,2025,15,0.106,NFC North,AFC North,0,0,0,0,0,1,2025-12-14
0.86,0.7120000000000001,0.012,TB,ATL,1.5,2025,15,0.012,NFC South,NFC South,1,0,0,0,0,0,2025-12-11
0.86,0.708,0.001,KC,LAC,2.0,2025,15,0.001,AFC West,AFC West,1,0,0,0,0,0,2025-12-14
0.84,0.691,0.001,LAR,DET,3.5,2025,15,0.001,NFC West,NFC North,0,0,0,0,0,1,2025-12-14
0.82,0.682,0.01,DAL,MIN,0.5,2025,15,0.01,NFC East,NFC North,0,0,0,0,0,0,2025-12-14
0.76,0.63,0.011000000000000001,PIT,MIA,0.0,2025,15,0.011000000000000001,AFC North,AFC East,0,0,0,0,0,1,2025-12-15
0.73,0.605,0.001,BAL,CIN,0.5,2025,15,0.001,AFC North,AFC North,1,1,0,0,0,1,2025-12-14
0.7,0.579,0.003,NYG,WAS,0.0,2025,15,0.003,NFC East,NFC East,1,0,0,0,0,0,2025-12-14
0.68,0.568,0.011000000000000001,CAR,NO,0.0,2025,15,0.011000000000000001,NFC South,NFC South,1,1,0,0,0,0,2025-12-14
0.68,0.56,0.002,BUF,NE,5.0,2025,15,0.002,AFC East,AFC East,1,1,0,0,0,1,2025-12-14
0.64,0.528,0.0,GB,DEN,0.5,2025,15,0.0,NFC North,AFC West,0,1,0,0,0,0,2025-12-14
0.57,0.47200000000000003,0.0,DEN,GB,0.5,2025,15,0.0,AFC West,NFC North,0,0,0,0,0,1,2025-12-14
0.53,0.43200000000000005,0.0,NO,CAR,0.5,2025,15,0.0,NFC South,NFC South,1,0,0,0,0,1,2025-12-14
0.53,0.44,0.0,NE,BUF,2.5,2025,15,0.0,AFC East,AFC East,1,0,0,0,0,0,2025-12-14
0.51,0.42100000000000004,0.004,WAS,NYG,0.0,2025,15,0.004,NFC East,NFC East,1,0,0,0,0,0,2025-12-14
0.48,0.395,0.001,CIN,BAL,1.0,2025,15,0.001,AFC North,AFC North,1,0,0,0,0,0,2025-12-14
0.45,0.37,0.0,MIA,PIT,0.0,2025,15,0.0,AFC East,AFC North,0,1,0,0,0,0,2025-12-15
0.39,0.318,0.0,MIN,DAL,0.0,2025,15,0.0,NFC North,NFC East,0,1,0,0,0,1,2025-12-14
0.38,0.309,0.0,DET,LAR,2.0,2025,15,0.0,NFC North,NFC West,0,1,0,0,0,0,2025-12-14
0.35,0.28800000000000003,0.0,ATL,TB,0.5,2025,15,0.0,NFC South,NFC South,1,1,0,0,0,1,2025-12-11
0.35,0.292,0.001,LAC,KC,0.0,2025,15,0.001,AFC West,AFC West,1,1,0,0,0,1,2025-12-14
0.33,0.243,0.002,CLE,CHI,0.0,2025,15,0.002,AFC North,NFC North,0,1,0,0,0,0,2025-12-14
0.26,0.142,0.001,TEN,SF,0.0,2025,15,0.001,AFC South,NFC West,0,1,0,0,0,0,2025-12-14
0.24,0.18899999999999997,0.001,ARI,HOU,0.0,2025,15,0.001,NFC West,AFC South,0,1,0,0,0,0,2025-12-14
0.24,0.14,0.002,LV,PHI,0.0,2025,15,0.002,AFC West,NFC East,0,1,0,0,0,0,2025-12-14
0.21,0.128,0.002,NYJ,JAX,0.0,2025,15,0.002,AFC East,AFC South,0,1,0,0,0,0,2025-12-14
0.18,0.147,0.002,IND,SEA,0.0,2025,15,0.002,AFC South,NFC West,0,1,0,0,0,0,2025-12-14
1.01,0.818,0.131,BUF,CLE,2.5,2025,16,0.131,AFC East,AFC North,0,1,0,0,0,1,2025-12-21
0.99,0.7709999999999999,0.018000000000000002,DET,PIT,2.0,2025,16,0.018000000000000002,NFC North,AFC North,0,0,0,0,0,0,2025-12-21
0.99,0.887,0.515,HOU,LV,0.5,2025,16,0.515,AFC South,AFC West,0,0,0,0,0,1,2025-12-21
0.91,0.75,0.141,PHI,WAS,1.5,2025,16,0.141,NFC East,NFC East,1,1,0,0,0,1,2025-12-20
0.9,0.7240000000000001,0.09,NO,NYJ,0.0,2025,16,0.09,NFC South,AFC East,0,0,0,0,0,1,2025-12-21
0.84,0.6579999999999999,0.037000000000000005,SF,IND,0.5,2025,16,0.037000000000000005,NFC West,AFC South,0,1,0,0,0,1,2025-12-22
0.84,0.645,0.002,BAL,NE,0.0,2025,16,0.002,AFC North,AFC East,0,0,0,0,0,0,2025-12-21
0.81,0.637,0.024,CIN,MIA,2.0,2025,16,0.024,AFC North,AFC East,0,1,0,0,0,1,2025-12-21
0.8,0.615,0.004,DEN,JAX,5.0,2025,16,0.004,AFC West,AFC South,0,0,0,0,0,0,2025-12-21
0.78,0.611,0.025,KC,TEN,0.5,2025,16,0.025,AFC West,AFC South,0,1,0,0,0,0,2025-12-21
0.76,0.585,0.004,TB,CAR,1.5,2025,16,0.004,NFC South,NFC South,1,1,0,0,0,0,2025-12-21
0.74,0.5720000000000001,0.008,ATL,ARI,0.0,2025,16,0.008,NFC South,NFC West,0,1,0,0,0,1,2025-12-21
0.71,0.568,0.048,MIN,NYG,0.0,2025,16,0.048,NFC North,NFC East,0,1,0,0,0,1,2025-12-21
0.7,0.5429999999999999,0.001,SEA,LAR,1.5,2025,16,0.001,NFC West,NFC West,1,0,0,0,0,1,2025-12-18
0.68,0.522,0.001,DAL,LAC,3.0,2025,16,0.001,NFC East,AFC West,0,0,0,0,0,0,2025-12-21
0.67,0.519,0.002,CHI,GB,0.0,2025,16,0.002,NFC North,NFC North,1,0,0,0,0,1,2025-12-20
0.62,0.48100000000000004,0.002,GB,CHI,0.5,2025,16,0.002,NFC North,NFC North,1,1,0,0,0,0,2025-12-20
0.62,0.478,0.005,LAC,DAL,0.0,2025,16,0.005,AFC West,NFC East,0,1,0,0,0,1,2025-12-21
0.59,0.457,0.003,LAR,SEA,3.5,2025,16,0.003,NFC West,NFC West,1,1,0,0,0,0,2025-12-18
0.58,0.43200000000000005,0.002,NYG,MIN,0.0,2025,16,0.002,NFC East,NFC North,0,0,0,0,0,0,2025-12-21
0.56,0.428,0.0,ARI,ATL,0.0,2025,16,0.0,NFC West,NFC South,0,0,0,0,0,0,2025-12-21
0.54,0.415,0.001,CAR,TB,0.0,2025,16,0.001,NFC South,NFC South,1,0,0,0,0,1,2025-12-21
0.52,0.389,0.001,TEN,KC,0.0,2025,16,0.001,AFC South,AFC West,0,0,0,0,0,1,2025-12-21
0.5,0.385,0.0,JAX,DEN,2.5,2025,16,0.0,AFC South,AFC West,0,1,0,0,0,1,2025-12-21
0.48,0.363,0.001,MIA,CIN,0.0,2025,16,0.001,AFC East,AFC North,0,0,0,0,0,0,2025-12-21
0.46,0.355,0.002,NE,BAL,3.5,2025,16,0.002,AFC East,AFC North,0,1,0,0,0,1,2025-12-21
0.46,0.342,0.002,IND,SF,0.0,2025,16,0.002,AFC South,NFC West,0,0,0,0,0,0,2025-12-22
0.4,0.276,0.002,NYJ,NO,0.0,2025,16,0.002,AFC East,NFC South,0,1,0,0,0,0,2025-12-21
0.38,0.25,0.002,WAS,PHI,0.0,2025,16,0.002,NFC East,NFC East,1,0,0,0,0,0,2025-12-20
0.31,0.113,0.002,LV,HOU,0.0,2025,16,0.002,AFC West,AFC South,0,1,0,0,0,0,2025-12-21
0.3,0.22899999999999998,0.0,PIT,DET,0.5,2025,16,0.0,AFC North,NFC North,0,1,0,0,0,1,2025-12-21
0.28,0.182,0.003,CLE,BUF,0.0,2025,16,0.003,AFC North,AFC East,0,0,0,0,0,0,2025-12-21
1.2,0.873,0.052000000000000005,DEN,KC,5.0,2025,17,0.052000000000000005,AFC West,AFC West,1,1,0,0,0,1,2025-12-25
1.17,0.863,0.09300000000000001,NE,NYJ,4.0,2025,17,0.09300000000000001,AFC East,AFC East,1,1,0,0,0,1,2025-12-28
1.03,0.752,0.031,DET,MIN,0.0,2025,17,0.031,NFC North,NFC North,1,1,0,0,0,0,2025-12-25
1.02,0.75,0.036000000000000004,LAR,ATL,2.5,2025,17,0.036000000000000004,NFC West,NFC South,0,1,0,0,0,0,2025-12-29
1.02,0.7879999999999999,0.183,DAL,WAS,1.0,2025,17,0.183,NFC East,NFC East,1,1,0,0,0,1,2025-12-25
1.0,0.7290000000000001,0.016,SEA,CAR,0.0,2025,17,0.016,NFC West,NFC South,0,1,0,0,0,1,2025-12-28
0.94,0.6890000000000001,0.026000000000000002,TB,MIA,0.0,2025,17,0.026000000000000002,NFC South,AFC East,0,1,0,0,0,0,2025-12-28
0.91,0.6609999999999999,0.011000000000000001,SF,CHI,0.0,2025,17,0.011000000000000001,NFC West,NFC North,0,0,0,0,0,1,2025-12-28
0.88,0.655,0.059000000000000004,JAX,IND,4.5,2025,17,0.059000000000000004,AFC South,AFC South,1,1,0,0,0,1,2025-12-28
0.87,0.742,0.33299999999999996,CIN,ARI,2.5,2025,17,0.33299999999999996,AFC North,NFC West,0,0,0,0,0,1,2025-12-28
0.85,0.614,0.001,BUF,PHI,2.5,2025,17,0.001,AFC East,NFC East,0,0,0,0,0,0,2025-12-28
0.81,0.65,0.172,PIT,CLE,0.0,2025,17,0.172,AFC North,AFC North,1,1,0,0,0,0,2025-12-28
0.81,0.586,0.008,NYG,LV,0.0,2025,17,0.008,NFC East,AFC West,0,1,0,0,0,1,2025-12-28
0.76,0.555,0.009000000000000001,GB,BAL,0.0,2025,17,0.009000000000000001,NFC North,AFC North,0,0,0,0,0,0,2025-12-27
0.71,0.517,0.009000000000000001,LAC,HOU,0.0,2025,17,0.009000000000000001,AFC West,AFC South,0,0,0,0,0,0,2025-12-27
0.7,0.511,0.016,NO,TEN,0.0,2025,17,0.016,NFC South,AFC South,0,1,0,0,0,1,2025-12-28
0.68,0.489,0.003,TEN,NO,0.0,2025,17,0.003,AFC South,NFC South,0,0,0,0,0,0,2025-12-28
0.67,0.483,0.0,HOU,LAC,4.0,2025,17,0.0,AFC South,AFC West,0,1,0,0,0,1,2025-12-27
0.62,0.445,0.0,BAL,GB,0.5,2025,17,0.0,AFC North,NFC North,0,1,0,0,0,1,2025-12-27
0.57,0.35,0.0,CLE,PIT,0.0,2025,17,0.0,AFC North,AFC North,1,0,0,0,0,1,2025-12-28
0.57,0.414,0.005,LV,NYG,0.0,2025,17,0.005,AFC West,NFC East,0,0,0,0,0,0,2025-12-28
0.53,0.386,0.0,PHI,BUF,2.5,2025,17,0.0,NFC East,AFC East,0,1,0,0,0,1,2025-12-28
0.51,0.258,0.002,ARI,CIN,0.0,2025,17,0.002,NFC West,AFC North,0,1,0,0,0,0,2025-12-28
0.51,0.345,0.002,IND,JAX,0.0,2025,17,0.002,AFC South,AFC South,1,0,0,0,0,0,2025-12-28
0.47,0.33899999999999997,0.001,CHI,SF,0.5,2025,17,0.001,NFC North,NFC West,0,1,0,0,0,0,2025-12-28
0.44,0.311,0.0,MIA,TB,0.0,2025,17,0.0,AFC East,NFC South,0,0,0,0,0,1,2025-12-28
0.38,0.271,0.001,CAR,SEA,0.0,2025,17,0.001,NFC South,NFC West,0,0,0,0,0,0,2025-12-28
0.37,0.212,0.003,WAS,DAL,0.0,2025,17,0.003,NFC East,NFC East,1,0,0,0,0,0,2025-12-25
0.36,0.25,0.002,ATL,LAR,0.5,2025,17,0.002,NFC South,NFC West,0,0,0,0,0,1,2025-12-29
0.36,0.248,0.0,MIN,DET,2.0,2025,17,0.0,NFC North,NFC North,1,0,0,0,0,1,2025-12-25
0.22,0.13699999999999998,0.002,NYJ,NE,0.0,2025,17,0.002,AFC East,AFC East,1,0,0,0,0,0,2025-12-28
0.19,0.127,0.003,KC,DEN,1.5,2025,17,0.003,AFC West,AFC West,1,0,0,0,0,0,2025-12-25
1.16,0.895,0.011000000000000001,DEN,LAC,0.0,2025,18,0.011000000000000001,AFC West,AFC West,1,0,0,0,0,0,2026-01-04
1.15,0.8909999999999999,0.035,LAR,ARI,0.0,2025,18,0.035,NFC West,NFC West,1,0,0,0,0,1,2026-01-04
1.15,0.887,0.015,NE,MIA,0.0,2025,18,0.015,AFC East,AFC East,1,0,0,0,0,0,2026-01-04
1.08,0.847,0.066,BUF,NYJ,0.0,2025,18,0.066,AFC East,AFC East,1,0,0,0,0,1,2026-01-04
1.05,0.84,0.132,MIN,GB,0.0,2025,18,0.132,NFC North,NFC North,1,0,0,0,0,0,2026-01-04
1.04,0.812,0.026000000000000002,HOU,IND,0.0,2025,18,0.026000000000000002,AFC South,AFC South,1,0,0,0,0,1,2026-01-04
1.0,0.852,0.34,JAX,TEN,0.0,2025,18,0.34,AFC South,AFC South,1,0,0,0,0,0,2026-01-04
0.98,0.7859999999999999,0.126,CIN,CLE,0.0,2025,18,0.126,AFC North,AFC North,1,0,0,0,0,1,2026-01-04
0.87,0.672,0.004,BAL,PIT,0.0,2025,18,0.004,AFC North,AFC North,1,0,0,0,0,0,2026-01-04
0.83,0.659,0.067,ATL,NO,0.0,2025,18,0.067,NFC South,NFC South,1,0,0,0,0,1,2026-01-04
0.81,0.639,0.034,KC,LV,0.0,2025,18,0.034,AFC West,AFC West,1,0,0,0,0,0,2026-01-04
0.77,0.596,0.005,TB,CAR,0.0,2025,18,0.005,NFC South,NFC South,1,0,0,0,0,1,2026-01-03
0.77,0.604,0.026000000000000002,CHI,DET,0.0,2025,18,0.026000000000000002,NFC North,NFC North,1,0,0,0,0,0,2026-01-04
0.77,0.616,0.063,PHI,WAS,0.0,2025,18,0.063,NFC East,NFC East,1,0,0,0,0,1,2026-01-04
0.76,0.583,0.001,SEA,SF,0.0,2025,18,0.001,NFC West,NFC West,1,0,0,0,0,0,2026-01-03
0.75,0.602,0.07400000000000001,DAL,NYG,0.0,2025,18,0.07400000000000001,NFC East,NFC East,1,0,0,0,0,0,2026-01-04
0.55,0.39799999999999996,0.001,NYG,DAL,0.0,2025,18,0.001,NFC East,NFC East,1,1,0,0,0,0,2026-01-04
0.54,0.41700000000000004,0.005,SF,SEA,0.0,2025,18,0.005,NFC West,NFC West,1,1,0,0,0,0,2026-01-03
0.52,0.40399999999999997,0.005,CAR,TB,0.0,2025,18,0.005,NFC South,NFC South,1,0,0,0,0,0,2026-01-03
0.52,0.396,0.002,DET,CHI,0.0,2025,18,0.002,NFC North,NFC North,1,0,0,0,0,1,2026-01-04
0.52,0.384,0.001,WAS,PHI,0.0,2025,18,0.001,NFC East,NFC East,1,1,0,0,0,0,2026-01-04
0.48,0.361,0.001,LV,KC,0.0,2025,18,0.001,AFC West,AFC West,1,1,0,0,0,0,2026-01-04
0.47,0.341,0.001,NO,ATL,0.0,2025,18,0.001,NFC South,NFC South,1,0,0,0,0,0,2026-01-04
0.43,0.32799999999999996,0.004,PIT,BAL,0.0,2025,18,0.004,AFC North,AFC North,1,0,0,0,0,1,2026-01-04
0.32,0.214,0.001,CLE,CIN,0.0,2025,18,0.001,AFC North,AFC North,1,0,0,0,0,0,2026-01-04
0.29,0.14800000000000002,0.002,TEN,JAX,0.0,2025,18,0.002,AFC South,AFC South,1,0,0,0,0,0,2026-01-04
0.25,0.188,0.002,IND,HOU,0.0,2025,18,0.002,AFC South,AFC South,1,0,0,0,0,0,2026-01-04
0.24,0.16,0.004,GB,MIN,0.0,2025,18,0.004,NFC North,NFC North,1,0,0,0,0,0,2026-01-04
0.21,0.153,0.0,NYJ,BUF,0.0,2025,18,0.0,AFC East,AFC East,1,1,0,0,0,0,2026-01-04
0.15,0.109,0.0,ARI,LAR,0.0,2025,18,0.0,NFC West,NFC West,1,1,0,0,0,1,2026-01-04
0.15,0.113,0.002,MIA,NE,0.0,2025,18,0.002,AFC East,AFC East,1,1,0,0,0,0,2026-01-04
0.14,0.105,0.002,LAC,DEN,0.0,2025,18,0.002,AFC West,AFC West,1,1,0,0,0,0,2026-01-04
